address,Latitude,Longitude
"942, 21st Main Road, 2nd Stage, Banashankari, Bangalore",12.9261249,77.5647127
"2nd Floor, 80 Feet Road, Near Big Bazaar, 6th Block, Kathriguppe, 3rd Stage, Banashankari, Bangalore",12.9268654,77.5509203
"1112, Next to KIMS Medical College, 17th Cross, 2nd Stage, Banashankari, Bangalore",12.9824649,77.5372331
"1st Floor, Annakuteera, 3rd Stage, Banashankari, Bangalore",12.9234415,77.5511944
"10, 3rd Floor, Lakshmi Associates, Gandhi Bazaar Main Road, Above Reliance Trends, Basavanagudi, Bangalore",12.9461185,77.5702551
"37, 5-1, 4th Floor, Bosco Court, Gandhi Bazaar Main Road, Basavanagudi, Bangalore",12.9461185,77.5702551
"19/1, New Timberyard Layout, Beside Satellite Bus Stop, Mysore Road, Bangalore",12.9512132,77.5488175
"2469, 3rd Floor, 24th Cross, Opposite BDA Complex, 2nd Stage, Banashankari, Bangalore",12.923116,77.5725668
"1, 30th Main Road, 3rd Stage, Banashankari, Bangalore",12.925815,77.5606921
"2470, 21 Main Road, 25th Cross, Banashankari, Bangalore",12.9240138,77.5640634
"12,29 Near PES University Back Gate, D'Souza Nagar, Hosakerehalli, 3rd Stage, Banashankari, Bangalore",12.932798,77.5329213
"941, 3rd FLOOR, 21st Main, 22nd Cross, Banashankari 2nd stage, Opposite to BDA complex, Banashankari",12.9255724,77.5648601
"6th Block, 3rd Stage, Banashankari, Bangalore",12.9234415,77.5511944
"111, Sapphire Toys Building, 100 Feet Ring Road, Banashankari, Bangalore",12.9665012,77.6105169
"2303, 21st Cross, K R Road, 2nd Stage, Banashankari, Bangalore",12.9245723,77.5733376
"241, 4th Floor, 100 Feet Ring Road, Opposite Kamakya Theatre, Banashankari, Bangalore",12.9243234,77.6480349
"405, 24th Cross, 9th Main, 2nd Stage, Banashankari, Bangalore",12.92363,77.568293
"504, CJ Venkata Das Road, Padmanabhangar, 2nd Stage, Banashankari, Bangalore",12.9179217,77.5601188
"47, 48 &49, 3Rd Floor, 21st Main Road, 2nd Stage, Banashankari, Bangalore",12.9259767,77.5645638
"146, 50 ft Road, 3rd Phase, 3rd Stage, Near Katriguppe Water Tank Circle, Banashankari, Bangalore",12.9306879,77.547257
"3353, 2nd Cross, Opposite Auden School, Hoskerehalli Cross, 3rd Stage, Banashankari, Bangalore",12.9381884,77.5431984
"SRF Complex, Near BDA Complex, Kathreguppe Main Road, Banashankari, Bangalore",12.932768,77.5565211
"224/Y, 4th Phase, 7th Block, 100 Feet Ring Road, Near Kamakya Theatre, Banashankari, Bangalore",12.9237192,77.5533613
"775/1, Opposite Gupta Collage, 7th Block, 3rd Stage, Banashankari, Bangalore",12.9234415,77.5511944
"101, Water Tank Road, 2nd Block, 3rd Stage, Banashankari, Bangalore",12.931237,77.5454618
"27th Cross Rd, Banashankari Stage II, Banashankari, Bangalore",12.9222428,77.5675432
"1036, Srinidhi Plaza, 3rd floor, Above Nilgiris, Stage 2, Banashankari, Bangalore",12.9289718,77.5627879
"940, Shantha Complex, 20th Main, 2nd Stage, Banashankari, Bangalore",12.958875,77.524196
"112, Bull Temple Road,next to more Basavanagudi, Bangalore",12.9390439,77.566661
"30, Surveyor Street, DVG Road, Basavanagudi, Bangalore",12.9475003,77.572718
"2/1, 7th Main, Dwarakangar, Hosakeregalli, Banashankari, Bangalore",12.9269044,77.5392911
"101 Ground Floor, Manjunatha Complex, 22nd Main Road, Banashankari, Bangalore",12.9385824,77.5532742
"101, Ground Floor, Manjunatha Complex, 22nd Main Road, 2nd Stage, Banashankari, Bangalore",12.9240518,77.5638375
"80, BDA Complex, 2nd Stage, Banashankari, Bangalore",12.9801029,77.5113508
"32, 7th Main Road, Dwaraka Nagar,Near PES College, Banashankari, Bangalore",12.929691,77.536175
"8, 2nd Floor, 1st Main, Arush Trapeze, Mount Joy Road, Behind BMS College of Engineering, Hanumanthnagar, Banashankari, Bangalore",12.9425468,77.5625781
"4, Opposite NMKRV College, 21st C Cross Road, 3rd Block, Jayanagar, Bangalore",12.9321336,77.581464
"556/A, Water Tank Road, 3rd Stage, Banashankari, Bangalore",12.9295798,77.5484379
"39, 3rd Main,4th Cross, Hanumanth Nagar, Near, Basavanagudi, Bangalore",12.9465267,77.5642555
"Opp Vinayaka hospital, Near Seetha Circle , 80 Feet Road, Banashankari, Bangalore",12.9374806,77.5496239
"2466, Bhaskar Grand Tower, 24th Cross, Opposite BDA Complex, Banashankari, Bangalore",12.9254533,77.546757
"645, 1st Floor, 24th Cross, 24th Main, 2nd Stage, Banashankari, Bangalore",12.924879,77.5631123
"2nd Stage, Banashankari, Bangalore",12.961248,77.5258108
"1750, 14th Main, Police Station Road, Kumaraswamy Layout, Bangalore",12.907883,77.5642371
"1621, 1st Floor, 50 Feet Main Road, Kumaraswamy Layout, Bangalore",12.9333328,77.5494098
"179, 1st Floor, Jawarlalnehru Road, BEML Layout, Rajarajeshwari Nagar, Bangalore",12.9178042,77.5204957
"1607, Sagar Hospital Road, Near Dayanandasagar College, Kumaraswamy Layout, Bangalore",12.9081233,77.5649846
"276, Ground Floor, 100 Feet Outer Ring Road, Banashankari 3rd Stage, Banashankari, Bangalore",12.906285,77.5874455
"1514, 4th Cross, 7th Main, RPC layout, 2nd Stage, Vijay Nagar, Bangalore",12.9505288,77.5322679
"808/6-1, 24th A Cross, K.R Road, 2nd Stage, Banashankari, Bangalore",12.9425631,77.5739195
"178, Next To Old KEB Office, 8th F Main Road, 24b Cross, 3rd Block, Jayanagar, Bangalore",12.9321302,77.583537
"78, 21st Main Road, Near BDA Complex, 2nd Stage, Banashankari, Bangalore",12.9255967,77.5643973
"10, Stavyah Arcade, 3rd Floor 9th Main, Yarab Nagar Main Road, Banashankari, Bangalore",12.9188321,77.5689899
"218/1,11th Main, 50 Feet Road, Hanumanthnagar, Banashankari, Bangalore",12.941447,77.5573811
"484/A, 1st Stage, 2nd Block, 4th Main Rd, SBM Colony, Seetha Circle, Banashankari, Bangalore",12.9397,77.5597604
"18, B K Complex, Opposite To BDA Complex, 21st, Main Road, 2nd Stage, Banashankari, Bangalore",12.9254533,77.546757
"942, 3rd Floor, 21st Main Road, 2nd Stage, Banashankari, Bangalore",12.9259767,77.5645638
"1828, 50 Feet Road, 2nd Stage, Kumaraswamy Layout, Bangalore",12.9434023,77.5411773
"67, Kanasu Complex, Kubirmutt Road, Hunumathathangar, Basavanagudi, Bangalore",12.9438048,77.5665359
"296, Ram Towers, 100 Feet Ring Road, Banashankari, Bangalore",12.9243234,77.6480349
"295/B, 7th Main Road, 100 Feet Ring Road, 7th Block, 3rd Stage, Banashankari, Bangalore",12.913883,77.60599
"31, Opposite Vijaya College, RV Road, Basavanagudi, Bangalore",12.9406897,77.5806585
"30th Cross, 8th Main, Near Jain Temple, 4th Block, Jayanagar, Bangalore",12.9286511,77.5835702
"10, 30th Main, Deve Gowda Petrol Bunk Road, 3rd Stage, Banashankari, Bangalore",12.9222029,77.5599679
"186, 11th Main, 4th Cross, Hanumanthnagar, Banashankari, Bangalore",12.943587,77.5598118
"59/3, Ground & First Floor, West Anjaneya Temple Road, Ward 49, Gandhi Bazaar, Basavanagudi, Bangalore",12.9478948,77.5729827
"476, 2nd Floor, 9th Cross, Avalahalli BDA Park, BSK 3rd Stage, Banashankari, Bangalore",12.9428725,77.5428541
"Opposite ICICi Bank, Hanuman Nagar, Banashankari, Bangalore",12.9254533,77.546757
"100 Feet Road, 3rd Stage, Banashankari, Bangalore",12.9243234,77.6480349
"Shop 33 & 30, 21st Main, Near BDA Complex, 2nd Stage, Banashankari, Bangalore",12.9719321,77.512749
"39, S B M Colony, Near-Sita Circle, 1st Stage, Banashankari, Bengaluru",12.9396781,77.5587674
"49/1, Subbaraoshetty Road, Netkallappa Circle, Basavanagudi, Bangalore",12.9405896,77.573115
"16th Main Road, Near PESIT College, Banashankari, Bangalore",12.9254533,77.546757
"1430, 22nd Cross, Next To Coffee Day, Near BDA Complex, Banashankari, Bangalore",12.9719321,77.512749
"727, 23rd Cross, KR Road, 2nd Stage, Banashankari, Bangalore",12.9236139,77.573205
"36, 2nd Main, RPC Layout, Vijay Nagar, Bangalore",12.9548994,77.5337344
"2477, 24th Cross Road, Siddanna Layout, Stage 2, Banashankari, Bangalore",12.9239052,77.5652887
"1142, 22nd Cross, 30th Main, Banashankari, Bangalore",12.9264276,77.5614127
"512, 2nd Cross, 3rd Stage, Banashankari, Bangalore",12.9317651,77.5478334
"161/C, 6th Main, 80 Feet Road, Bhuvaneshwari Nagercoil, Banashankari, Bangalore",12.9254533,77.546757
"45/12, 4th Cross, 10th Main, Gururaja Layout, Banashankari, Bangalore",12.921804,77.5550157
"52, 1st Floor, 33rd Cross, 4th Block, Jayanagar, Bangalore",12.9263315,77.5836895
"38, 22nd Main, 22nd Cross, Opposite BDA, 2nd Stage, Banashankari, Bangalore",12.9254331,77.564214
"1/34, 3rd Cross Road, Kathriguppe IV Phase, Banashankari 3rd Stage, Banashankari, Bangalore",12.9221496,77.5551453
"480/A, 50 feet road, Nagendra block, Near PES College, Nagendra block, Banashankari, Bangalore",12.9417289,77.552725
"BDA Shopping Complex, 24th Cross Road, Siddanna Layout, 2nd Stage, Banashankari, Bangalore",12.923116,77.5725668
"Shop 18 , 3rd cross road,Markandeya Layout, Banashankari, Bangalore",12.9491016,77.5518631
"625, 5th Cross Road, Hanumanthnagar, Banashankari, Bangalore",12.9439788,77.5628303
"941, 21st Main Road, BSK 2nd Stage , Near BDA Complex, Banashankari, Bangalore",12.9260143,77.5647147
"304, Opposite Apollo Public School, 100 Feet Ring Road, 4th Phase, 7th Block, Banashankari 3rd Stage, Bangalore,",12.9243234,77.6480349
"3828, Near Deve Gowda Petrol Bunk, 30th Cross, 3rd Stage, Banashankari, Bangalore",12.9222029,77.5599679
"50 Feet Road, Hanumanthanagar, Banashankari, Bangalore",12.9416643,77.5610057
"34, 22nd Main, 22nd Cross, Opposite BDA, 2nd Stage, Banashankari, Bangalore",12.9255959,77.5641361
"24/1, 23rd Cross, 6th Main Road, Opposite Kaveri Grameena Bank, 2nd Stage, Banashankari, Bangalore",12.923743,77.571243
"96, Opposite Jain Collage, Basavanagudi, Bangalore",12.9405997,77.5737633
"2465, 3rd Floor, Opposite BDA Complex, 24th Cross, Banashankari, Bangalore",12.9237666,77.567819
"295/A, 7th Main road, 7th Block, 3rd Stage, Banashankari, Bangalore",12.9426265,77.5410645
"1189, 10th Cross, Shankarnag Circle, 1st Stage, 2nd Block, Banashankari, Bangalore",12.9367777,77.560341
"415, 1st C Cross, Banashankari 3rd Stage, 5th Block, Bangalore, Banashankari, Bangalore",12.9209129,77.5505326
"27, 80 Feet Road, Srinivasnagar, Banashankari, Bangalore",12.9333611,77.5575806
"Number 42, 4th Block, 6th Stage Banashankari, Vrishabhvachi Nagar, Opposite RV College of Architecture, Bangalore",12.9354056,77.5643286
"1722, 13th Main Road 31st Cross BSK, 2nd Stage, Banashankari, Bangalore",12.919903,77.5662732
"2, 3rd Cross, Near Pesit College, Banashankari, Bangalore",12.9223887,77.5419336
"8, Katriguppe Main Road, Vivekananda Nagar, 3rd Stage, Banashankari, Bangalore",12.9325239,77.5561636
"594, 24 The Cross BSK, Opposte Oriental Bank, Banashankari, Bangalore",12.9254533,77.546757
"7/1, Behind BMS College Hostel, 80 Feet Road, 1st Stage, Srinivas Nagar Bank Colony, Banashankari, Bangalore",12.9410122,77.5655258
"3967, VHBC Society, Girinagar Phase 4, Hosekerehalli Mani Road, Banashankari 3rd Stage, Banashankari, Bangalore",12.9297489,77.5388818
"Shop 25, 1st Cross, 50 Feet Main Road, Near BDA Park, Girinagar, Banashankari, Bangalore",12.942869,77.5460506
"Near Seetha Circle, Vivekananda Park Road, Girinagar, Banashankari, Bangalore",12.937209,77.548927
"41/10, Near PESIT Collage, 8th Main Road, 1st Cross, Dwarakanagar, Banashankari, Bangalore",12.93538,77.5358251
"3148, 2nd Cross, 4th Phase Girinagar, Near Hosagarnahalli Cross, Banashankari, Bangalore",12.9348228,77.5456573
"662, 19th Main, Kidney Foundation, Padmanabhan Nagar, Banashankari, Bangalore",12.9187143,77.5549089
"1189, 9th Main, Ashok Nagar, Bank 1st Stage, Banashankari, Bangalore",12.9387638,77.5598746
"27, 27th Cross, 2nd Stage, Banashankari, Bangalore",12.9309768,77.5784623
"4001/4002, Annapoorneshwari Plaza, Near Seetha Circle, Hosakerehalli Cross, Banashankari, Bangalore",12.9379787,77.549748
"89, Near PES College, 22nd Main Road, Girinagar, 1st Stage, Banashankari, Bangalore",12.9385824,77.5532742
"10th Main, Hanumanthanagar, 50 Feet Road, Phase 1, Banashankari, Bangalore",12.9434023,77.5411773
"68, Opposite ICICI Bank, 21st Main Road, 2nd Stage, Banashankari, Bangalore",12.9259767,77.5645638
"590, 24th Cross, 2nd Stage, Banashankari, Bangalore",12.9241859,77.5673196
"346, 7th Cross, 8th Main Road, Padmanabham Nagar, Banashankari, Bangalore",12.9325228,77.5713775
"17/1, Ramalh Garden, Kadieranahall Circle, Near Raghavendra Flour Mill, Dr Vishnuvardhan Main Road, BSK 2nd Stage, Banashankari, Bangalore",12.9160694,77.509832
"Padmanabhanagar, Banashankari, Bangalore",12.9155691,77.5567733
"29, 5th Cross, Near PES College, 100 Feet Road, Dwaraka Nager, Banashankari, Bangalore",12.9506526,77.6392151
"692, 12th Cross, 7th Block Kankapura Main Road, Banashankari, Bangalore",12.9241,77.576444
"28, 4th Cross Road, Dwaraka Nagar, Banashankari, Bengaluru",12.923673,77.5461909
"3/16, 22 Main Road, Magenta Block, PES College, Road Bank Colony, Banashankari, Bangalore",12.9400931,77.5535285
"17/1, Ramaiah Garden, Kadirenahalli Circle, Dr Vishnuvardhan Main Road, 2nd Stage, Banashankari, Bangalore",12.8991303,77.5846253
"2/1, 7th Main, Dwarakangar, Banashankari, Bangalore",12.9269044,77.5392911
"487, Cauvery Complex, S.B.M Colony, 80 Feet Road, Banashankri, Bangalore",12.9372382,77.5585845
"10, 4th cross, Muneshwara Block, Devinagar, Banashankari, Bangalore",12.9447819,77.5492168
"559/1, Opposite Canara Bank ATM, Pipelane Road, Sri Nagar, Banashankari, Bengaluru",12.9694218,77.5457975
"263, 3rd Main Road, Chikka Laksandra, Banashankari, Bangalore",12.959116,77.5708107
"57, 3rd cross, 80 feet Road, Banashankari, Bangalore",12.9673733,77.6491475
"94, Katriguppe Main Road, Opposite Pai Showroom, Banashankari, Bangalore",12.9305899,77.5537219
"66, Benaka, 2nd Cross, 2nd Main, Kathriguppe East, 3rd Stage, Banashankari, Bangalore",12.9264337,77.5595612
"617, 100 Feet Ring Road Next to Devegowda Petrol Pump, Banashankari, Bangalore",12.9544136,77.7004122
"209, 5th Cross, AG Thaneerappa Road, 1st Phase Girinagar, Ganapathi Nagar, Banashankari Stage I, Banashankari, Bengaluru",12.9410701,77.5355831
"Bhuvaneshwari Nagar BSK 3RD Stage, Banashankari, Bangalore",12.921536,77.5465887
"77, 50 Ft Road, Hanumathnagara, Banashankari, Bangalore",12.9416855,77.5638203
"21, 80 Feet Road, 3rd Phase, 4th Block, 3rd Stage, Banashankari, Bangalore",12.9263356,77.5504778
"1, Near BDA Complex, 24th Main, 2nd Stage, Banashankari, Bangalore",12.9719321,77.512749
"No.37, Shree Complex, Next to Dominoes Pizza, Bull temple Road, Basavanagudi, Bangalore",12.969245,77.5771082
"155, 43rd Cross Road, 8th Block, Jayanagar, Bangalore",12.918631,77.578072
"No.1585, 22nd Main,Banashankari 1st Stage",12.9388266,77.5533554
"39/1, R.V Road, Opposite Vijaya College, Basavanagudi, Bangalore",12.941366,77.579856
"608, 21st Cross, Kumaraswamy Layout, Bangalore",12.9075481,77.5638407
"100 Feet Ring Road, 2nd Phase, Banashankari, Bangalore",12.9063695,77.5916892
"1, 80 Feet Road, 6th Block, 3rd Stage, Banashankari, Bangalore",12.9255785,77.5500249
"12, Banashankari, Bangalore",12.9092715,77.552972
"1A/29 , Shop 2 , 27th Cross, Jayanagar, Bangalore",12.930553,77.5858205
"153, Satellite Bus Stand, Byataranyapura, Mysore Road, Bangalore",12.952648,77.543748
"Dayanand Sagar College Road, Kumaraswamy Layout, Bangalore",12.9094086,77.5638295
"Basement, MR Complex, Near Police Station, 25th Cross, 14th Main, Kumaraswamy Layout, Bangalore",12.9060569,77.5629549
"28/29, 9th Main Road, 3rd Block, Jayanagar, Bangalore",12.9324313,77.5837233
"11/2, Ground Floor, Khazi Street, Basavanagudi, Bangalore",12.9401313,77.5792412
"4th Cross Road, Byatarayanapura, Srinagar, Banashankari, Bangalore",12.9442361,77.5504806
"28-29, 3rd Block, 9th Main Road, Jayanagar, Bangalore",12.9334066,77.583898
"92/1, Gandhi Bazaar Main Road, Basavangudi. Next to Vodafone Showroom, Basavanagudi, Bangalore",12.9459893,77.5707018
"615/1, Ground Floor, Janardhan Mansion, 10th C Main, 32nd D Cross, 4th Block, Jayanagar, Bangalore",12.9272294,77.5858027
"79, Vanivilas Road, Next to KFC, Basavanagudi, Bangalore",12.9478487,77.5691371
"805, Ground Floor, 35C Cross, 9th Main, 4th Block, Jayanagar, Bangalore",12.9270804,77.5835665
"1304, Kathriguppe Main Road, Ashok Nagar, NR Colony, Basavanagudi, Bangalore",12.9381985,77.5631664
"1761, Near Swathi Nursing Home, 14th Main Road, 1st Stage, Kumaraswamy Layout, Bangalore",12.9072411,77.5639789
"374/B, 2nd Phase, BSK 3rd Stage, Srinivasa Nagar, Banashankari, Bangalore",12.9328903,77.543327
"582,2nd Main, 6th Block 2nd Phase Banshankari 3rd Stage Bangalore-560085",12.9335334,77.5426855
"3-94/1, 80 Feet Road, Near New Big Bazaar, Kathriguppe, Banashankari, Bangalore",12.9357475,77.5478795
"9/1, Behind BMS College Hostel, Hanumantha Nagar, Banashankari, Bangalore",12.9413426,77.5650988
"24, Next to Roti Ghar, Gandhi Bazaar Main Road, Basavanagudi, Bangalore",12.9448562,77.5717682
"Rashtriya Vidyalaya Road, Basavanagudi, Bangalore",12.9416425,77.5801355
"855/A, 5th A Cross,10th Main Road, Srinivasanagar, Towords Maruthi Circle, Banashankari, Bangalore",12.9388275,77.557648
"11/2, Old Market, V V Puram, Basavanagudi, Bangalore",12.9509969,77.5777461
"1779, 14th Main, Kumaraswamy Layout, Bangalore",12.9058653,77.5630165
"224/Y, 100 Feet Ring Road, 7th Block, 3rd Stage, Banashankari, Bangalore",12.909806,77.56942
"2, Old 36, 8th F Main, 3rd Block, Jayanagar, Bangalore",12.9317531,77.5835186
"766/25-01, 47th A Cross, Near Sangam Circle, Adarsh Gardens Apartments Road, 8th Block, Jayanagar, Bangalore",12.916826,77.5776927
"1766, 14th Main, 1st Stage, Kumaraswamy Layout, Bangalore",12.9070429,77.5638898
"Opposite BNM School, Near BDA complex, Banashankari, Bangalore",12.9719321,77.512749
"728/1, 14th Main Road, 1st Stage, Kumaraswamy Layout, Bangalore",12.9069327,77.5634404
"416, 24th Cross, 9th Main, 2nd Stage, Banashankari, Bangalore",12.923355,77.569692
"4009, 80 Feet Road, 4th Phase, Banashankari, Bangalore",12.9302789,77.5529875
"12, Old 387, Market Road, V.V.Puram, Basavanagudi, Bangalore",12.9436611,77.5728719
"6th C Main, 4th Block, Jayanagar, Bangalore",12.930753,77.5815898
"1771, 14th Main Road, 1stage, Kumaraswamy Layout, Bangalore",12.906551,77.5635232
"1424, 14th Main Road, 1st Stage, Kumaraswamy Layout, Bangalore",12.9086229,77.5640166
"7/1, Behind BMS College Hostel, Hanumantha Nagar, Banashankari, Bangalore",12.9413426,77.5650988
"19, V.V.puram National School Road, Basavanagudi, Bangalore",12.9500002,77.5761052
"1st Floor, GR Plaza, DVG Road, Near Gandhi Bazaar circle, Basavanagudi, Bangalore",12.9426433,77.5711568
"1763, Near Swathi Nursing Home, 14th Main Road, 1st Stage, Kumaraswamy Layout, Bangalore",12.9072411,77.5639789
"31/1, Puttalingaiah Road, Second Stage, Bangalore, Banashankari, Bangalore",12.9170325,77.5595977
"80 Feet Road, Hosakerehalli Cross, B S K 3rd Stage, Banashankari, Bangalore",12.9325658,77.5451894
"17, Ground Floor, Near Big Bazar, 100 Feet Ring Road, 3rd Stage, Banashankari, Bangalore",12.9090119,77.5700183
"2469, 21st Cross, Near BDA Complex, 2nd Stage, Banashankari, Bangalore",12.9244216,77.5642745
"197/F, 8th B Main, 27th Cross, 3rd Block, Jayanagar, Bangalore",12.9310074,77.5828601
"26/3, Bugle Rock Road, Gandhi Bazaar, Basavanagudi, Bangalore",12.9436423,77.5714759
"97, Opposite Jain College, Kavi Lakshmisha Road, VV Puram, Basavanagudi, Bangalore",12.9540745,77.5779634
"1/4, Nisha Complex, KR Road, Near National College, Basavanagudi, Bangalore",12.9475382,77.5739318
"9/63, 1st C Main Road, Kathreguppe, Vivekananda Nagar, Banashankri, Bangalore",12.9330886,77.5549785
"1, Kathriguppe Main Road, 3rd Stage, Banashankari, Bangalore",12.9256253,77.5499435
"Cosmopolitan Club, 22nd Cross, 3rd Block, Jayanagar, Bangalore",12.9333243,77.5852905
"615/1, 10th C Main,32nd Cross Road ,Janardhan Mansion, 4th Block, Jayanagar, Bangalore",12.9290335,77.5852044
"1112, Next KIMS Medical College, 17th Cross, 2nd Stage, Banashankari, Bangalore",12.9266441,77.5626824
"1/2, Opposite Indian Oil Petrol Bunk, 1st Cross, Kaderanhalli Crossroad, Subramanyapura Main Road, Padmanabhanagar, Uttarahalli, Bangalore",12.9037985,77.5617245
"Pavanashree Nilayam, 7 Block, Banagirinagara, Banashankari, Bangalore",12.9247245,77.5558518
"1328, 50 Feet Main Road, 1st Stage, Kumaraswamy Layout, Bangalore",12.941876,77.5537849
"31, 2nd Cross, Teacher's Colony, JP Nagar Post, Dayanand College Road, Kumaraswamy Layout, Bangalore",12.9044382,77.5649278
"52, Dayanand Sagar College Road, Teachers Colony, Near ICICI Bank ATM, Bangalore East, Bangalore Urban Karnataka, Kumaraswamy Layout, Bangalore.",12.9115188,77.5671295
"84, Basavanagudi, Bangalore",12.9541155,77.5731535
"359/38,Next to Fabindia, 7th Cross, 1st Block, Jayanagar, Bangalore",12.9617879,77.5477453
"Shop 197, Ground Floor, Gokul Niwas, North Main Road, Rajyotsavanagar, 2nd Stage, Kumaraswamy Layout, Bangalore",12.9036688,77.5648843
"415, 9th Main, 24th Cross, 2nd Stage, Banashankari, Bangalore",12.9731051,77.5370827
"433/30/1, 28th Cross, 10th Main, Opposite BDA Complex, 4th Block, Jayanagar, Bangalore",12.9301788,77.5845929
"382/71/4, 11th Main, 3rd Block, Jayanagar, Bangalore",12.930981,77.5860804
"54, Sri Durga Avenue, 3rd Floor, 33rd Cross Road, Opp. Navarathan, Jewe, Jayanagar, Bangalore",12.9264272,77.5843208
"2nd Floor, Garla Garnet, 9th Main, 4th Block, Jayanagar, Bangalore",12.9270804,77.5835665
"126, Near Ganesha Temple, 7th Main, 4th Block, Jayanagar, Bangalore",12.9288828,77.5821488
"6, Shakambari Nagar, 1st stage, JP Nagar, Bangalore",12.9120799,77.5745235
"81, 36th Cross Road, 5th Block, Jayanagar, Bangalore",12.9232992,77.5813631
"616/2, 31st Cross, 10th A Main Road, 4th block, Jayanagar, Bangalore",12.9282042,77.5795388
"66/1, Kanakpura Road, Basavanagudi, Bangalore",12.9453694,77.5769008
"173, DSI college Road, Kumaraswamy Layout, Bangalore",12.8598276,77.5970872
"1, Corporation Market, Gandhi Bazar, Basavanagudi, Bangalore",12.9455888,77.5712556
"58, Surveyor Street, Basavanagudi, Bangalore",12.9472461,77.5718829
"1, 24th Main Rd, 1st Phase, Girinagar, KR Layout, Muneshwara T-Block, JP Nagar, Bangalore",12.904529,77.5855601
"Satellite Bus Stand, KSRTC, Mysore Road, Bangalore",12.952648,77.543748
"5, Mallariah Complex, Near Corporation Bank, Gandhi Nagar, Basavanagudi, Bangalore",12.9791734,77.5770467
"144/1, 2nd Main Road, 2nd Block, Thyagaraja Nagar, Basavanagudi, Bangalore",12.9320163,77.5673824
"60/1, East Anjaneya Temple Road, Basavanagudi, Bangalore",12.9444615,77.5702872
"3/1 , Opposite Krishna Rao Park, Kanakapura Road, Basavanagudi, Bangalore",12.9431558,77.5764947
"335, KR Road, Shastri Nagar, Yediyur, Jayanagar, Bangalore",12.9317981,77.5734546
"1/A, 3rd Main, 7th Cross, Kattebalag, Narasimharaja Colony, Basavanagudi, Bangalore",12.9376921,77.5680052
"39/4, North Anjaneya Temple Street, Basavanagudi, Bangalore",12.9554621,77.5778241
"Chikkalasandra, Near Ashwathkatte Ganesha Temple, Opposite Dominic School, Uttarahalli, Bangalore",12.9151985,77.5505983
"164/B, 24th Cross, 6th Block Yediyur, Jayanagar, Bangalore",12.9319247,77.5759681
"9, Canara Bank Colony, Opposite Chikkalsandra Post Office, Main Road, Uttarahalli, Bangalore",12.9092814,77.5497789
"1108/1, 9th Main Road, 4th Cross, Hampinagar, Vijay Nagar, Bangalore, Bengaluru",12.971083,77.5407187
"Sri Balaji Complex, 339/3, Kuvempu Nagar, Next to Bus Stand, Mysore Road, Bangalore",12.2928206,76.6289373
"609, 10th A Main Road, 4th Block, Jayanagar, Bangalore",12.9280491,77.5852057
"121, DVG Road, R.M Complex, Basavanagudi, Bangalore",12.9424235,77.5710541
"119, 5th Cross, Teachers Colony, Kumaraswamy Layout, Bangalore",12.9204334,77.6357139
"186, 16th Main, 24th Cross, 2nd Stage, Banashankari, Bangalore",12.9239339,77.5665518
"139, Behind Police Station, 72nd Cross, Kumaraswamy Layout, Bangalore",12.9045308,77.5639136
"22nd Cross, New Diagonal Road, Opposite N MKRV Womens College, 3rd Block, Jayanagar, Bangalore",12.932863,77.5822091
"28th Main, 8th Block, Jayanagar, Bangalore",12.9197736,77.5777031
"Next To BMTC Bus Stand, Banashankari, Bangalore",12.9175832,77.5729093
"376, 1st Floor, Tripura Arcade, MK Puttalingaiah Road, Above SBI Bank, Banashankari, Bangalore",12.9175239,77.5593845
"632/A, 24th Cross, 2nd Stage, Banashankari, Bangalore",12.9235641,77.5715705
"13, 27th B Cross, 10th Main, Opposite BWSSB Water Tank, Geetha Colony, 4th Block, Jayanagar, Bangalore",12.9302687,77.5853206
"126, Opposite Police Station, 7th Main, 4th Block, Jayanagar, Bangalore",12.9263833,77.5818237
"2/1,7th Main, Dwarakangar Hosakerehalli, Banashankari, Bangalore",12.9269044,77.5392911
"9/2, South End Main Road, Next to Surana College, Basavanagudi, Bangalore",12.9366438,77.5788876
"11/4, Old Market Road, V V Puram, Basavanagudi, Bangalore",12.9509969,77.5777461
"433/30/1, 10th Main, 28th A cross, 4th Block, Jayanagar, Bangalore",12.9301119,77.5853142
"14/38, Shivakrupa, 1st Model House Street, Near Nagasnadra Circle, DVG Road, Basavanagudi, Bangalore",12.9376489,77.5738334
"147, 27th Cross, 3rd Main, 6th Block, Yediyur, Jayanagar, Bangalore",12.9310513,77.5795297
"202F, 27th Cross Road, Opposite Sapna Book House, Jayanagar, Bangalore",12.9309256,77.5815201
"2, Ashoka Pillar Circle, 2nd Block, Jayanagar, Bangalore",12.9435127,77.5847545
"1349, 4th Cross Road, Kilkodungalur, RPC Layout, Vijay Nagar, Bangalore",12.9583189,77.5354967
"2466, 24th Cross Road, Siddanna Layout, Stage II, Banashankari, Bangalore",12.924257,77.564888
"412, 1st Cross, Vidyapeeta Road, 3rd Stage, Banashankari, Bangalore",12.9257906,77.5591573
"43/2, 100 Feet Road, Kamakya Complex, 3rd Stage, Banashankari, Bangalore",12.9166225,77.6022507
"14/1, 8th Fmain, 3rd Block, Jayanagar, Bangalore",12.9182935,77.6030445
Near dayananda sagar college kumarswamy layout,12.9091583,77.5665551
"The President Hotel, 79/8, Diagonal Road, 3rd Block, Jayanagar, Bangalore",12.933221,77.5833072
"#72, 3rd Cross DSI Road, Teachers Colony, Kumaraswamy Layout, Bangalore",12.9148605,77.5676825
"8/10, Subramanyapura Main Road, Near Royal Mart, Uttarahalli, Bangalore",12.9024963,77.545212
"287, 1st Floor, 7th Block, 100 Feet Ring Road, Phase 4, Banashankari, Bangalore",12.9345676,77.5459851
"23/1, Shop Street Road, Basavanagudi, Bangalore",12.9393561,77.5692593
"1st Main Road, Near Katte Balaga, NR Colony, Basavanagudi, Bangalore",12.9377278,77.5680353
"63, 18th Cross, 3rd Block, Jayanagar, Bangalore",12.9202126,77.5895495
"24, Subramaniapura Main Road, Uttarahalli, Bangalore",12.9040855,77.5443095
"Next To Surana College, South End Circle, Basavanagudi, Bangalore",12.93724,77.580018
"318, Old market Road V.V.Puram, Basavanagudi, Bangalore",12.9514071,77.5773714
"Near Metro Station R.v.Road, Basavanagudi, Bangalore",12.9416425,77.5801355
"234, 32 A Cross, 2nd Main Road, 7th Block, Jayanagar, Bangalore",12.9268788,77.5793177
"63/2, 8th Main, 18th Cross, 3rd Block, Jayanagar, Bangalore",12.943338,77.5927183
"1, 5th Main Road, Bull Temple Road, Basavanagudi, Bangalore",12.9573053,77.5667085
"81, East Anjaneya Street, NR Colony, Near Basavanagudi, Basavanagudi, Bangalore",12.9448708,77.5702708
"36/1, 27th Cross, 4th Block, Jayanagar, Bangalore",12.9308535,77.5815141
"13, 32nd Cross, 7th Block, Jayanagar, Bangalore",12.9274143,77.5772595
"137/4, 8th Main Road, 27th Cross, Jayanagar, Bangalore",12.9288316,77.5835696
"27, Gandhi Bazaar Main Rd, Basavanagudi, Bangalore",12.9476806,77.5682074
"Shubashree Complex, 50 Feet Road, 1st Stage, Hanumanthanagar, Near Girinagar, Banashankari, Bangalore",12.942869,77.5460506
"78, Nagendra Block, Giri Nagar, II Phase, Banashankari,Bangalore",12.941522,77.545462
"1890, Shetty Gardenia, 9th Main, Kaverinagar, 2nd Stage, Banashankari, Bangalore",12.9188313,77.568711
"1328, 50 Feet Road, Stage 1, Kumaraswamy Layout, Bangalore",12.941876,77.5537849
"23, Kanakapura Road, Near SRS Petrol Pump, Lalbagh West Gate, Basavanagudi, Bangalore",12.9350001,77.5751911
"52, Dayanad Sagar, College Road, Teachers Colony, Kumaraswamy Layout, Bangalore",12.9115188,77.5671295
"534, 49th Cross, 50 Feet Road, Kumaraswamy Layout, Bangalore",12.9434023,77.5411773
"23, 7th Main, KSRTC Layout, Chikkalsandra, Main Road, Uttarahalli, Bangalore",12.9123454,77.5440745
"1112, 30th Main,Teachers Layout, Next to SBI Bank, 3rd Stage, Banashankari, Bangalore",12.927628,77.562046
"2nd Cross, JHBCS Layout, Kumaraswamy Layout, Bangalore",12.9120879,77.5651519
"186, 24th Cross, 2nd Stage, Banashankari, Bangalore",12.9242188,77.5661996
"8th Main Road, Remco Bhel Layout, Ideal Homes Township, Rajarajeshwari Nagar, Bengaluru",12.9328453,77.5256735
"Pai Viceroy, 1504, 16th Cross, 9th Main, 3rd Block, Jayanagar, Bangalore",12.9359735,77.5838327
"2465, 2nd Floor, Opposite BDA Complex, 24th Cross, 2nd Stage, Banashankari, Bangalore",12.923116,77.5725668
"30, 8th F Main Road, Jayanagar, Bangalore",12.9309798,77.5835623
"2, Subramanyapura, Kadirenahalli Overbridge Junction, 2nd Stage, Banashankari, Bangalore",12.9142552,77.5653425
"278, 37th A Cross, 2nd Main, 8th Block, Jayanagar, Bangalore",12.9222947,77.577577
"17,Bull Temple, Road, Basavanagudi, Bangalore",12.9474019,77.5679723
"1328, 50 Feet Road, Kumaraswamy Layout, Bangalore",12.941876,77.5537849
"599, 24th Cross, 2nd Stage, Banashankari, Bangalore",12.9239899,77.568334
"671,45th Cross, 8th Block, Near Metro Pillar EP 22, Jayanagar, Bangalore",12.9175647,77.5758021
"644, 1 B, Main Road, Kanakapura Road, 8th Block, Jayanagar, Bangalore",12.9286704,77.5757298
"23/35, 7th Cross, Dwarakanagar, Hosakerhalli, Banashankari, Bangalore",12.9260861,77.5440322
"30, 7th Cross, Dwaraka Nagar, Banashankari, Bangalore",12.9201752,77.5518845
"940, 20th Main, Opposite South Entrance, BDA Complex, Banashankari, Bangalore",12.9260934,77.5650706
"Sri Chakravarthi Complex, Sajjan Rao Circle, V.V. Puram, Basavanagudi, Bangalore",12.9522966,77.57651
"45, 6th C Main Road, 4th Block, Jayanagar, Bangalore",12.9303521,77.5815922
"269, JHBCS Layout, 2nd Main Road, Teacher's Colony, Kumaraswamy Layout, Bangalore",12.9109036,77.5644522
"344, 50 Feet Road, Dasarhalli, Srinagar, Banashankari, Bangalore",12.9419298,77.5516551
"278, 34th Cross Road, 4th Block, Jayanagar, Bangalore",12.9254777,77.583611
"1616, 50 Feet Main Road, 1st Stage, Kumaraswamy Layout, Bangalore",12.941876,77.5537849
"22, 2nd Main Road, National College Road, 7th Block, Jayanagar, Bangalore",12.9241936,77.5778538
"146, 6th C Main Road, 1st Block, Jayanagar, Bangalore",12.9289482,77.5816667
"54, Rashtriya Vidyalaya Road, 2nd Block, Basavanagudi, Bangalore",12.9382006,77.5798626
"34/1, 2nd & 3rd Floor, 36th Cross, 6th Main, 4th Block, Jayanagar, Bangalore",12.9233832,77.5811788
"183/28, 2nd Main Road, 36th B Cross, 7th Block, Jayanagar, Bangalore",12.9312561,77.5781478
"60/2, Sajjan Rao Circle, V V Puram, Basavanagudi, Bangalore",12.9521475,77.5771414
"12, Ground Floor, R V Road, Near Southend Metro Station, Basavanagudi, Bangalore",12.9363783,77.5800428
"49, South End Road, Nagasandra Circle, Basavanagudi, Bangalore",12.9367434,77.5726908
"91/1, Ganesh Mahal Building, Sirsi Road, Chamarajpet, Basavanagudi, Bangalore",12.9611479,77.5620158
"Jain Temple Street, V.V.Puram, Basavanagudi, Bangalore",12.9510975,77.5747041
"21,National High School Road,VV Puram, Basavanagudi, Bangalore",12.9489361,77.5774911
"11/3, Old Market Road, V V Puram, Basavanagudi, Bangalore",12.9509969,77.5777461
"22nd Cross, 22nd Main Road, 2nd Stage, Near BDA Complex, Banashankari, Bangalore",12.9255724,77.5648601
"198, 2nd Block, 3rd Stage, Outer Ring Road, Banashankari, Bangalore",13.0277782,77.6324487
"63, 1st Floor, Kanakapura Road, Basavanagudi, Bangalore",12.9557887,77.5766395
"27, 27th Cross, 1st Floor, Kadamba Complex, 2nd Stage, Banashankari, Bangalore",12.9977163,77.5475479
"1111, Near KIMS, 30th Main Road, Siddanna Layout, Stage 2, Banashankari, Bangalore",12.9266792,77.5626706
"Dayanandasagar College Road, Teachers Colony, Kumaraswamy Layout, Bangalore",12.9148605,77.5676825
"D/25, 2nd Main, 260 Mysore Road Tollgate, Opposite Gopalan Mall, Mysore Road, Bangalore",12.9574345,77.5518507
"75, 21st Main Road, Siddanna Layout, 2nd Stage, Banashankari, Bangalore",12.9255986,77.5643977
"272, 14th Cross Road, Yediyur, Jayanagar, Bangalore",12.9296364,77.5728974
"15, 1st Main, Kariyappa Road, Basavanagudi, Bangalore",12.9386539,77.5753168
"742, 50 Feet Rd, Raghavendra Block, Banashankari 3rd Stage, Banashankari, Bangalore",12.9421121,77.5517294
"50/51, 8th F Main, 3rd Block, Jayanagar, Bangalore",12.9319994,77.5835737
"7th Main Road, 4th Block, Jayanagar East, Bangalore",12.9263833,77.5818237
"16, Sri Banashankri Arcade, Opposite GSI Building, Kumaraswamy Layout, Bangalore",12.9104938,77.5668451
"52 ,Dayanad Sagar College Road, Teachers Colony, Kumaraswamy Layout, Bangalore",12.9115188,77.5671295
"57, Kadirenahalli Road, Banashankari, Bangalore",12.9155211,77.5626584
"2465, 24th Cross, 2nd Stage, Banashankari, Bangalore",12.9241759,77.565017
"8, Yarab Nagar Main Road, 2nd Stage, Banashankari, Bangalore",12.9214287,77.5694422
"142/1,Surveyor Street, Gandhi Bazaar, Basavanagudi, Bangalore",12.9472251,77.5701984
"32, 22nd Cross, 22nd Main, 2nd Stage, Near BDA complex, Banashankari, Bangalore",12.9255724,77.5648601
"83/5,4th Cross. 50 Feet Road,1st Stage, Kumaraswamy Layout, Bangalore",12.9434023,77.5411773
"615, Janardhan Mansion, 32nd D Cross Road, 10th C Main Road, 4th Block, Jayanagar, Bangalore",12.9272294,77.5858027
"1, Krishna Rao Road, Basavanagudi, Bangalore",12.9475292,77.5797706
"476, 2nd Floor, 9th Cross, Avalahalli, Banashankari, Bengaluru",12.9428549,77.5416718
"13, 4th Cross Road, NR Colony, Basavanagudi, Bengaluru",12.9434149,77.564535
"84/1, South End Road, Basavanagudi, Bangalore",12.9370828,77.5758314
"11,12, 80 Feet Road, Behind Reliance Fresh, Banashankri, Bangalore",12.9375697,77.5576641
"Kabirmutt Road, Gavipuram Extension, Basavanagudi, Bangalore",12.9443702,77.5668896
"117, Govindadappa Road, Gandhi Bazar, Basavangudi, Bangalore",12.9455888,77.5712556
"Near Reliance Trends, 1st Cross, 3rd Phase, Banashankari, Bangalore",12.9268369,77.5512038
"38/A, Mount Joy Road, Hanumanthnagar, Behind BMS College, Banashankari, Bangalore",12.9404241,77.5645739
"11, Canara Bank Colony, Uttarahalli, Bangalore",12.908745,77.5497854
"3/1, Bugle Rock Road, Gandhi Bazaar, Basavanagudi, Bangalore",12.9442238,77.5695848
"1832, 14th Cross Road, 2nd Stage, Bendre Nagar, Kumaraswamy Layout, Bangalore",12.9060475,77.5585498
"14/1 5 th Main 2nd Cross, Near BMS Hostel, Basavanagudi, Bangalore",12.9308161,77.5695985
"139, 72nd Cross, Kumaraswamy Layout, Bangalore",12.9049099,77.5632685
"65, Parvati Bhavan, Appu Rao Road, Chamaraj Pet, Chamarajpet, Basavanagudi, Bangalore",12.9550295,77.5653791
"32, Khaleel Plaza, Opposite Vijaya Collage, RV Road, Basavanagudi, Bangalore",12.9403169,77.5797734
"22, Second Main Road, 7th Block, Jayanagar, Bangalore",12.9241936,77.5778538
"16, Lalitha Enterprises, Kadirenahalli Main, Bendre Nagar, Kumaraswamy Layout, Bangalore",12.9127021,77.5621287
"1/72, 27th Cross, Opposite To Janatha Bazar, 4th Block, Jayanagar, Bangalore",12.9305414,77.5841223
"28/12/2, 3rd Main Road, Mountjoy Extension, Hanumantanagar, Banashankari, Bengaluru",12.9424644,77.5643228
"17, Near BDA Complex, 25th Cross Road, 21st Main, 2nd Stage, Banashankari, Bangalore",12.9237666,77.567819
"559, 32nd Cross, 10th A Main, 4th Block, Jayanagar, Bangalore",12.9268296,77.5838945
"295, Sri Krishna Complex, 10th Main, 3rd Block, Jayanagar, Bangalore",12.9326961,77.5846887
"12, 32nd Cross, 7th Block, Jayanagar, Bangalore",12.927492,77.577177
"92/1, Next to Vodafone Store, Gandhi Bazar Main Road, Basavanagudi, Bangalore",12.9471017,77.5687472
"16, 5th B Main, KR Road, Jayanagar, Bangalore",12.9337777,77.5739501
"Near National College, 7th Block, Jayanagar, Bangalore",12.924769,77.577947
"459/30, 30th Cross, 4th Block, Jayanagar, Bangalore",12.9286551,77.5830003
"998/20, Poornima Complex, First Floor, Service Road, R.P.C. Layout, Vijay Nagar, Bangalore",12.9631124,77.534475
"2/2, Pattalamma Gudi Street, Armugam Circle, Near South End Circle, Basavanagudi, Bangalore",12.9394153,77.5781838
"539/49, 9th Cross, Kanakpura Road, 7th Block, Jayanagar, Bangalore",12.925134,77.5767428
"31, 2nd Cross, 1st Stage, Padmanabh Nagar, Kumaraswamy Layout, Bangalore",12.9061395,77.5626733
"115, 4th Main, 4th Stage, Thyagarajanagar, Near, Basavanagudi, Bangalore",12.9309375,77.5677959
"4 & 5, 27th Cross, 4th Block, Jayanagar, Bangalore",12.9307407,77.5831658
"222, 100 Feet Road, Near Kathriguppe Signal, Opposite Udbav Hospital, 6th Block, 3rd Stage, Banashankari, Bangalore",12.9257637,77.5485878
"101, Manjunatha Complex, Near BDA Complex, 22nd Main, 2nd Stage, Banashankari, Bangalore",12.9719321,77.512749
"44/1, Bull Temple Road, Basavanagudi, Bangalore",12.9447725,77.5679543
"2, Chikkalsandra, Uttarahalli Main Road, Uttarahalli, Bangalore",12.9148857,77.5495737
"9A Main Road, 3rd Block, Jayanagar, Bangalore",12.9307694,77.5843673
"6, 2nd Main, 3rd Cross, Chamrajpet, Basavanagudi, Bangalore",12.9963718,77.5612948
"196, 8th E Main, 27th Cross, 3rd Block, Suraj Plaza, Jayanagar, Bangalore",12.9312468,77.5833745
"54, Bull Temple Road, Basavanagudi, Bangalore",12.943512,77.5677621
"487, 80 Feet Road, Bank Colony, 1st Stage, Banashankari, Bangalore",12.9387915,77.552047
"525/2, Opposite Lacasa, 10th Main, 33rd Cross, 4th Block, Jayanagar, Bangalore",12.9262875,77.5849222
"162 , Kathreguppe Cross Road, 3rd Stage, Banashankari, Bangalore",12.9281791,77.551729
"46, 80 Feet Road, 3rd Stage, Banashankari, Bangalore",12.9298158,77.5520774
"241, 100 Feet Road, Opposite Eshwari Theater, 3rd stage, Banashankari, Bangalore",12.9243234,77.6480349
"173, Shop 4, Ground Floor, Teachers Colony, First stage, D.S.I College Main Road, Kumaraswamy Layout, Bangalore",12.8598276,77.5970872
"642, 14th Main, Kumaraswamy Layout, Bangalore",12.9071338,77.5635623
"1061, Gowrisutha, 50 Feet Rd, 1st Stage, Kumaraswamy Layout, Bangalore",12.9434023,77.5411773
"615/1, Janardhan Mansion, 10th C Main Road, 32nd D Road, 4th block, Jayanagar, Bangalore",12.9430272,77.5870627
"201, 4th Main Road, Next to National Lassi Bar, Chamrajapet, Basavanagudi, Bangalore",12.9580742,77.5655386
"1771, 14th Main, 1st Stage, Kumaraswamy Layout, Bangalore",12.906551,77.5635232
"75, Kanakapura Road, Vasavi Circle, V.V Puram, Basavanagudi, Bangalore",12.9481352,77.5765758
"6/1, Anjaneya Nagar, 100ft Ring Road, Banashankari 3rd Stage, Banashankari, Bangalore",12.9268712,77.5447143
"1080, Near Niligiris, Kumaraswamy Layout, Bangalore",12.9142942,77.6445711
"1296 1st Block, 6th Stage, South Circle Banashankari, Bangalore",12.9298897,77.5458203
"1554, 11th Cross, 1st Stage, Kumarswamy Layout, Near Sagar Hospital, Kumaraswamy Layout, Bangalore",12.9081454,77.5648128
"Sri Ganesh Fast Food. Opposite Goli ,Dayanand Sagar College Road, Kumaraswamy Layout, Bangalore",12.9095347,77.5646433
"Fresh Menu, Stavyah Arcade #10, 3rd floor 9th Main, Opp to Daily Bread, Yarab Nagar Main Rd, Banashankari Stage II, Bengaluru- 560070.",12.9198201,77.569302
"3rd Main Rd, Arehalli, Hosakerehalli, Uttarahalli, Bangalore",12.9094027,77.5531964
"954, 2nd Floor, 24th Main, 2nd Phase, Opposite LIC Building, JP Nagar, Bangalore",12.9115788,77.5857133
"85, 7th Main Road, Nandakumar Layout, Ramanjaneya Nagar, Banashankari, Bangalore",12.9071642,77.551927
"30, 1st Main Road, Havish Nilaya, Samruddhi Enclave, Kumaraswamy Layout, Bangalore",12.9071056,77.5554323
"728, 24th Cross, Opposite SBI Bank, 1st Stage, Kumaraswamy Layout, Bangalore",12.906925,77.5628708
"734, Marenahalli Rd, 8th Block, Shakambari Nagar, 1st Phase, Jayanagar, Bangalore",12.9174002,77.5771147
"24, 8th C Main, Behind Post Office, 4th Block, Jayanagar, Bangalore",12.9222856,77.6039918
"25/4, 7th Block K.R Road, 8TH Cross Opposite, HDFC Bank, Jayanagar, Bangalore",12.9271449,77.5744333
"2, Medical College East Main Road, Kalasipalyam, Behind Bangalore Medical College, City Market, Bangalore",12.9647474,77.5768076
"215, 2nd Main, Thygarajanagar, Basavanagudi, Bangalore",12.931208,77.5671635
"3313, Vishwabharati Layout, 80 Feet Road, Girinagar, 4th Phase, Stage 3, Banashankari, Bangalore",12.9362161,77.5481861
"32/2, DVG Road, Basavanagudi, Karnataka, Bangalore",12.938177,77.5719256
"236, 18th cross, 2nd Main Road, Bapujinagar, Mysore Road, Bangalore",12.9524281,77.5411329
"3/1, Bugle Rock Road, Gandhi Bazaar, Basavanagudi",12.9442238,77.5695848
"99, 3rd Main Road, Hanumanthnagar, Banashankari, Bangalore",12.9406706,77.5641988
"Shop 9, East Anjanaiya Temple Street, Gandhi Bazar, Basavanagudi, Bangalore",12.9443907,77.57029
"5 Zaina Towers, 9th Main Yarab Nagar Main Road Banashankari, Bangalore",12.9188321,77.5689899
"Shop 97, 22nd Main Road, Near Banashankari BDA complex, Banashankari Stage II, Banashankari, Bangalore",12.9262395,77.5643601
"203 4th Main, 4th Cross, Chamrajpet, Basavanagudi, Bangalore",12.9433149,77.5632092
"Cosmopolitan Club, Ground Floor, 22nd Cross, 3rd Block, Jayanagar, Bengalore",12.9333243,77.5852905
"12/3, Market Road, V.V.puram, Basavanagudi, Bangalore",12.9410446,77.572416
"916, 1st Stage, 24th Cross Road, Kumaraswamy Layout, Bangalore",12.9061395,77.5626733
"172, Ground Floor, Near Jain College, VV Puram, Basavanagudi, Bangalore",12.9494928,77.5750868
"169, Subbarama Chetty Rd, NR Colony, Basavanagudi, Bangalore",12.9391712,77.5719894
"4, 12th Cross, Kadarenahalli, 2nd Stage, Banashankari, Bangalore",12.9150067,77.5623277
"SM Towers, Near Cosmopolitan Club, 4/3/1 & 3/2, 1st Floor, 11th Main, Jayanagar, Bangalore",12.9307735,77.5838302
"2467, 24th Cross, 2nd Stage, Banashankari, Bangalore",12.9243177,77.5647349
"126/3, Uttarahalli Main Road, Sarvabouma Nagar, Chikkalasandra, Uttarahalli, Bangalore",12.910987,77.5512632
"Bengaluru, Jayanagar, Bangalore",12.9307735,77.5838302
"8, 1st Cross Road, Teachers Colony, Kumaraswamy Layout, Bangalore",12.9204334,77.6357139
"Next to Bhagwan Mahavir Jain College, V V Puram, Basavanagudi, Bangalore",12.9494928,77.5750868
"G9, Ground Floor, Lucky Paradise: Next to Tayi Jewellers, 22nd Cross Rd, Jayanagar East, Jaya Nagar 1st Block, Jayanagar, Bangalore",12.9328873,77.5835589
"166/A 2nd Floor, R.V Road, Above DTDC Office, V.V Puram, Near Minerva Circle, Basavanagudi, Bangalore",12.9519835,77.5800257
"19/49, Near National College, 2nd Main, 31st Cross, 7th Block, Jayanagar, Bangalore",12.924769,77.577947
"523, 33rd Cross, Jayanagar, Bangalore",12.926497,77.584627
"86, Shakthi Arcade, 21st Main, 2nd Stage, Near KIMS College and BDA Complex, Banashankari, Bangalore",12.9255724,77.5648601
"Near Dayananda Sagar College, Teachers Colony, Kumaraswamy Layout, Bangalore",12.9091583,77.5665551
"406, 2nd Cross, Vidyapeeta Layout, Banashankri, Bangalore",12.934051,77.5619828
"199/1, Ajanaya Bhavana, 100 Feet Ring Road, Kathriguppe, Banashankari, Bangalore",12.9243234,77.6480349
"266/B, 7th Block, Jayanagar, Bangalore",12.9241592,77.5770526
"Shop 66/1, 4th Block, Near Maiys Hotel, 33rd Cross Road, Jayanagar, Bangalore",12.9288326,77.5858545
"1795, Near Police Station, 13th Main, Kumaraswamy Layout, Bangalore",12.9003092,77.5622873
"42, Vani Vilas Road, Ramakrishna Ashrama Circle, Basavanagudi, Bangalore",12.9482359,77.5750554
"83/1, 50 Feet Main Road, Goviayanahallo, Kumaraswamy Layout, Bangalore",12.9306901,77.5472591
"89, Behind Venkateshwara Bar, Near PES College, 1st Stage, Banashankari, Bangalore",12.9402034,77.5533679
"1, Monotype, 2nd Stage, Banashankari, Bangalore",12.9254533,77.546757
"17, Gandhi Bazaar Main Road, Basavanagudi, Bangalore",12.9447868,77.5718276
"48, 2nd Cross, Jananeshwari Layout, Thindlu, Vidyaranyapura Post, Basavanagudi, Bangalore.",13.0688577,77.566303
"160, Gandhi Bazar Main Road, Basavanagudi, Bangalore",12.9453924,77.5716008
"43, BDA Complex, 2nd Stage, Banashankari, Bangalore",12.9801029,77.5113508
"57/18, 12th Main, Opposite PES College, Banashankari, Bangalore",12.9226237,77.5479589
"79, 21st Main, 2nd Stage, Banashankari, Bangalore",12.9251726,77.5621441
"70, 21st Main, Near BDA Complex, 2nd Stage, Banashankari, Bangalore",12.9259569,77.5643844
"Shop 58, 50 Feet Road, Opposite to Kathriguppe Water Tank, 1st Block, 3rd Stage, 1st Block, Banashankari, Bangalore",12.9419539,77.5516014
"11/2, 50 Feet Road, Muneshwara Block, Near Girinagar, Banashankari, Bangalore",12.9425855,77.5466635
"294, 100 Feet Road, Next to Mane Thindi Hotel, Near Deve Gowda Petrol Bunk, 3rd Stage, Banashankri, Bangalore",12.9254533,77.546757
"24th Cross Road, Siddanna Layout, Banashankari Stage II, Banashankari, Bangalore",12.9241397,77.5666081
"#187/G, 3rd A Cross, 4th Main Road, 80ft Road, Dr Vishnuvardhan Circle Bhuvaneshwari Nagar, BSK 3rd, Stage, 5th Block, Phase 3, Banashankari, Bangalore",12.9339901,77.546256
"18/22, 22nd Main, 80 Feet Road, Hanumanth Nagar, 3rd Stage, Banashankari, Bangalore",12.9387709,77.5531896
"Opposite BDA Complex, Siddanna Layout, Stage 2, Banashankari, Bangalore",12.9237666,77.567819
"57, 2nd Main Road, 3rd Cross, KEB Road, Ittamadu, Stage 3, Banashankari, Bangalore",12.9104457,77.5594119
"115/116, Gandhi Bazar Main Road, Basavanagudi, Bangalore",12.9463737,77.5698698
"74, Shankar Market, Vanivillas Road, Basavanagudi, Bangalore",12.9482219,77.5738881
"125, 1st Floor, Abalashram Building, DV Gundappa Road, Basavanagudi, Bangalore",12.943238,77.5708454
"129, D.R.Complex, DVG Road, Basavanagudi, Bangalore",12.9471525,77.5714767
"20, East Anjenaya Temple Street, Basavanagudi, Bangalore",12.9429416,77.570447
"44/1, Bull Temple Road, Near Dodda Ganapati Temple, Basavanagudi, Bangalore",12.9447725,77.5679543
"200, Next to Canara Bank, KG Road, Gandhi Bazaar, Basavanagudi, Bangalore",12.9455888,77.5712556
"42/12, 3rd Floor, SV Residency, 1st Cross, North Main, Opposite Yediyur Lake, 6th Block, Jayanagar, Bangalore",12.93349,77.5766285
"572, 30th Main, 3rd Stage, Banashankari, Bangalore",12.9243863,77.5605358
"1431, 22nd Cross, Near BDA Complex, 2nd Stage, Banashankari, Bangalore",12.9257476,77.564001
"309, Outer Ring Road, Kathriguppe 4th Phase, Gururaja Layout, Banashankari, Bengaluru",12.9220392,77.5583189
"14, 2nd Floor, Panchanjanya Tower, Phase III, 3rd Stage, 100 Feet Road, Banashankari, Bangalore",12.9234415,77.5511944
"488/1, 7th Main Road, 50 Feet Road, Hannumantha Nagar, Banashankari, Bangalore",12.9422242,77.5616036
"39/3C, Banashankari, Bangalore",12.918691,77.5723862
"80 Feet Road, Bharath Housing Society Layout, Subramanyapura, 6th Stage, Banashankari",12.8929032,77.5253756
"715, Hari Complex, 22nd Cross KR Road, 2nd stage, Banashankari, Bangalore",12.9240647,77.5735582
"38/2, 1st Main, Mount Joy Extension, Hanumanthanagar, Girinagar, Banashankari, Bangalore",12.9403306,77.5643971
"2nd Floor, 980, 13th Cross, 2nd Stage, Banashankari, Bangalore",12.9970737,77.5440973
"24, 5th cross, 7th Main Road, Dwarkanagar, near Pesit College, Hosakerehalli, Bangalore, Banashankari",12.9302955,77.5582691
"56, Outer Ring Road, Banashankari, Bangalore",12.92326,77.5558853
"173, 5th Main, Avalahalli Extension, Near Girinagar, Banashankari, Bangalore",12.9432233,77.5437735
"#9, 5th Cross, 7th Main, Dwaraka Nagar, Near PESIT College, Hosakerehalli, Banashankari 3rd Stage, Bangalore",12.93538,77.5358251
"43A, Next To Bus Stop, Kathriguppe Main Road, Vivekananda Nagar, 3rd Stage, Banashankari, Bangalore",12.9308304,77.5541414
"21st Main Road, Next to Deva Gowda Petrol Pump, Banashankari, Bangalore",12.9222029,77.5599679
"Shop 9/1, Outer Ring Road, Veerabhadra Nagar, Banashankari, Bangalore",12.9253569,77.549066
"111, 80 Feet Road, 1st Stage, Seetha Circle, Next To Vinayaka Hospital, Giri Nagari, Banashankari, Bangalore",12.937209,77.548927
"14, 100 Feet Ring Road, 6th Block, 3rd Stage, Banashankari, Bangalore",12.9076598,77.5709655
"115, 100 Feet Ring Road, Kathriguppe, Banashankari, Bangalore",12.9209423,77.6641297
"1 Stage, Girinagar, Banashankari, Bangalore",12.9420948,77.5463577
"187, 16th Main, 24th Cross, 2nd Stage, Banashankari, Bangalore",12.9239339,77.5665518
"24 th cross, 15th Main Road, Siddanna Layout, Banashankari Stage II, Banashankari, Bangalore",12.9240509,77.5670605
"520, Nagendra Block,Hanumanthnagar, 50 Feet Road, Near PES College, Bank Colony, 1st Stage, Banashankari, Bangalore",12.941889,77.552879
"6, 10th Main, Opposite Post Office, 2nd Block, SBM Colony, Banashankari, Bangalore",12.9411842,77.557971
"Hotel Mangala, 10th Main, Pipeline Road, Hanumanth Nagar, Banashankari, Bangalore",12.9418227,77.5599866
"2/B J P Road, Girinagar I Phase, Banashankari, Bangalore",12.9429839,77.5365767
"8, 1st Main, Mount Joy Road, Hanumanth Nagar, 2nd Stage, Banashankari, Bangalore",12.9387895,77.5689049
"76, 21st Main Road, 2nd Stage, Banashankari, Bangalore",12.9259245,77.5645519
"12/6, 80 Feet Road, 1st Stage, Srinivasnagar, Bank Colony, 1st Stage, Banashankari, Bangalore",12.9376091,77.5576873
"Near NU Hospital Padmanabha Nagar, Banashankari, Bangalore",12.9178352,77.5558051
"40, 4th Cross, 14th Main, Maruthi Circle, Hanumanth Nagar, Banashankari, Bangalore",12.9435757,77.5638301
"21/22, 24th Main 50 Feet Road, T block, Girinagar, Banashankari, Bangalore",12.9424703,77.5456152
"86, Bairavi Colony, 4th Block, 6th Stage, Banashankari, Bangalore",12.9304325,77.5497613
"2454, 17th E Cross, 9th Main, 2nd Stage, Banashankari, Bangalore",12.926457,77.5701018
"Opposite SVC Bank, Mount Joy Road, Hanumanth Nagar, Banashankari, Bangalore",12.9419989,77.5651603
"130, 3rd main, 4th Cross, Hanumanthanagar, Banashankari, Bangalore",12.9434008,77.5643522
"240, 9th Main, Srinivasanagar, Banashankari, Bangalore",12.9379968,77.5542598
"213, 13th Main, Srinagar, Banashankari, Bangalore",12.9465511,77.5541592
"487, Kavery Complex, 2nd Main, Bank Colony Bus Stop, Srinivasnagar, Banashankari, Bangalore",12.938721,77.5520316
"Opposite Avalahalli BDA Layout Bus Stop, 50 Feet Road, Muneshwaram, Banashankari, Bangalore",12.9254533,77.546757
"Number 106, 80 feet Road, Hosakerehalli Cross, NSK 3rd Stage, Banashankari, Bangalore",12.9327645,77.5454898
"1142, 22nd Cross, 30th Main, 3rd Stage, Banashankari, Bangalore",12.9264276,77.5614127
"3766, 9th Main Road, 2nd Stage, Banashankari, Bangalore",12.9169467,77.5689756
"314, 25th Cross, 2nd Stage, Banashankari, Bangalore",12.9225895,77.5696674
"2, 17th Main Road, 80feet Road, Srinivasnagar, Bank colony, BSK 1st, Stage, Banashankari, Bangalore",12.9409685,77.5552618
"39, 22nd Main Road, Stage II, Banashankari, Bangalore",12.9253869,77.5642028
"35, 22nd Main Road, Opposite BDA Complex, 2nd Stage, Banashankari, Bangalore",12.9255607,77.5641293
"4, Gangamma Temple Street, Vidyapeeta, Banashankri, Bangalore",12.9345037,77.5630724
"85, PES College Road, Nagendra Block, Stage I, Banashankari, Bangalore",12.940627,77.5534274
"56, 1st Floor, Muneshwara Block, 50 Feet Road, Girinagar, Banashankari, Bangalore",12.942869,77.5460506
"701, 2nd Cross, Ashok Nagar, 3rd Stage, Banashankari, Bangalore",12.9393484,77.5632803
"106/729, 80 Feet Road, Hoskerehalli Cross, 3rd Stage, Banashankari, Bangalore",12.9327645,77.5454898
"Shankarnag Circle SBM Colony 1st Stage, Banashankari Bangalore, Bengaluru",12.936937,77.559137
"2nd Floor, Sri Lakshmi Complex, Behind Avadhani Convention Hall, Near Vivekananda Statue Park, Girinagar, Banashankari, Bangalore",12.9386287,77.5440288
"32, 6th Cross Dwarakanagar, PESIT College, Ring Road Hosakerehalli, Banashankari, Bangalore",12.9349415,77.5364654
"487, 2nd Main Road S.B.M Colony, Banashankari, Bangalore",12.9386915,77.5520803
"32, KK Plaza, 3rd Main Road, Near Canara Bank, Hanumanthnagar, Banashankari, Bangalore",12.9421021,77.5644475
"15/5, Near ITI Layout Bus Stop, Kathriguppe Main Road, 3rd Stage, Banashankari, Bangalore",12.932768,77.5565211
"1632, 80 Ft Road, Srinivasnagar, Bank Colony, Banashankari, Bangalore",12.9386196,77.5545593
"124, Muneshwara, Block 1, 50 Feet Road, Girinagar, Banashankari, Bangalore",12.9421585,77.5488974
"4, vivekananda Nagercoil, 43A Stop Banashankari, Bangalore",12.9254533,77.546757
"86, 57th Cross, AVM Colony, 1 stage, Banashankari, Bangalore",12.9254533,77.546757
"3448, Hosakerehalli Cross Road, Banashankari 3rd Stage, Banashankari, Bengaluru",12.934094,77.5456187
"80 Feet Road, 2nd Phase, 3rd Block, Banashankari 3rd Stage, Hoskerehalli Cross, Banashankari, Bangalore",12.9325924,77.5453135
"29, 4th Main Rd, Srinivasnagar, Banashankari, Bangalore",12.933019,77.5549069
"166, Banashankari, Bangalore",12.9254533,77.546757
"Ashok Nagar, Banashankari Stage I, Banashankari, Bengaluru",12.9369685,77.5608672
"Chennammana Kere, Kathreguppe, Banashankari, Bangalore",12.9278843,77.5554935
"61, 1st Floor, KR Road, 7th Block, Jayanagar, Bangalore",12.9264821,77.573597
"32, Gandhi Bazaar, Near Gandhi Bazaar Circle, Basavanagudi, Bangalore",12.9450757,77.5713896
"18, Gandhi Bazar Main Road, Roti Ghar, Basavanagudi, Bangalore",12.9448562,77.5717682
"11/1, Satellite Bus Stand, New Guddadahalli, Mysore Road, Bangalore",12.9532583,77.5434616
"31 South Park Hotel, 198, 2nd & 3rd Floor, Gandhi Bazaar Main Road, Basavanagudi, Bangalore",12.9444549,77.5728564
"54, Bull Temple Road, Gavipuram Extn, Gavipuram Extention, Basavanagudi, Bangalore",12.943512,77.5677621
"79/1 - 6, 5th Floor, Aishwarya Sampoorna Building, Vani Vilas Road, Basavanagudi, Bangalore",12.9482219,77.5738881
"Near Katte Balaga, NR Colony, Basavanagudi, Bangalore",12.9377278,77.5680353
"26, D.V.G. Road, Gandhi Bazaar, Basavanagudi, Bangalore",12.9416313,77.5711183
"186, Datta Complex, 1st Floor, Next To Flower Market Gandhi Bazar, Basavanagudi, Bangalore",12.9455888,77.5712556
"22, Gandhibazar, Basavangudi, Bangalore, Basavanagudi, Bangalore",12.9476801,77.5682077
"115/116, 1st Floor, Gandhibazaar, Basavanagudi, Bangalore",12.9455888,77.5712556
"DV Gundappa Road, Gandhi Bazar Circle, Binny Talkies, Basavanagudi, Bangalore",12.9454323,77.5712914
"DVG Road, Gandhi Bazar, Basavanagudi, Bangalore",12.9454323,77.5712914
"85/1, Dr DVG Road, Near National College, Opp. Sashi Arcade, Basavanagudi, Bangalore",12.9469953,77.5716698
"28, Near BMS Women's College, E.A.T Street, Basavanagudi, Bangalore",12.943774,77.5692943
"26/2, Bugle Rock Rd, Gandhi Bazaar, Basavanagudi, Bengaluru, Karnataka",12.9437613,77.5714278
"18, S End Road, Basavanagudi, Bangalore",12.936457,77.576333
"5, 1st Floor, Mallariah Complex, Gandhi Bazar Main Road, Basavanagudi, Bangalore",12.9461185,77.5702551
"35-1, Near Yediyur Lake, Kanakapura Road, Jayanagar, Bangalore",12.929825,77.5765416
"31, Police Station Road, Near Gandhi Bazaar, Basavanagudi, Bangalore",12.9421626,77.5717549
"52, Dinesh Complex, Nettakallappa Circle, Subbarama Chetty Road, Basavanagudi, Bangalore, Bengaluru",12.939377,77.571478
"528/A, 14th Cross, Shastri Nagar Main Road, Jayanagar, Bangalore",12.9294775,77.5733588
"Byatarayanapura, Opposite-Gali Anjaneya Temple, Mysore Road, Bengaluru",12.637168,77.1301595
"Back Gate of BMS College Hanumanthanagar, Basavanagudi, Bengaluru",12.9410122,77.5655258
"1440, Nagarabhavi Main Road, 2nd Block, Stage 2, Nagarabhavi, Bangalore, Bengaluru",12.9587698,77.519203
"198, Gandhi Bazaar Main Road, Basavanagudi, Bangalore",12.9441817,77.5729111
"23/1, 7th Cross, N R Colony, Basavanagudi, Bangalore",12.9377159,77.5663256
"90/3, Eat Street, Basavanagudi, Bangalore",12.9449194,77.5702689
"701, 2nd Cross, Ashok Nagar, Basavanagudi, Bangalore",12.9393484,77.5632803
"Near Byatarayanapura Police Station, Mysore Road, Bangalore",12.637168,77.1301595
"Near BHEL, Mysore Road, Bangalore",12.9015411,77.4682743
"27/1, East Anjaneya Temple street, Basavanagudi, Bangalore",12.9409962,77.5707407
"New Guddada Halli, Next to Bus Stop, Mysore Road, Bangalore",12.9549879,77.5446504
"1395, 2nd Cross, Kathriguppe Main Road, Behind BMS College, Basavanagudi, Bangalore",12.9410122,77.5655258
"Near TVS Showroom, Mysore Road, Bangalore",12.9015411,77.4682743
"T.R., Mill Circle, Basavanagudi, Bangalore",12.9568299,77.5592624
"23, Basavanagudi, Bangalore",12.937558,77.5727022
"5th Floor, Gopalan Innovation Mall, Bannerghatta Road, Bangalore",12.9144032,77.5995815
"128/54/10, First floor, Opposite IIM - B, Dasarapalya, Bannerghatta Road, Bangalore",12.8956152,77.602547
"4 & 5, Green Orchards Layout, 1st Cross, Bannerghatta Road, Bangalore",12.9299416,77.5991365
"81/3, Opposite Royal Meenakshi Mall, Hulimavu, Bannerghatta Road, Bangalore",12.8757,77.595766
"Tulips Resort & Amusement Park, 18th K.M, Bannerghatta Road, Bangalore",12.8394962,77.5888702
"67, 15th Cross, 6th B Main, JP Nagar, Bangalore",12.9161837,77.5565184
"281, 2nd Floor, 15th Cross, 5th Phase, JP Nagar, Bangalore",12.8967451,77.5595399
"Cross Roads Inn, 827, Near RV Dental College Compound, 24th Main, 12th Cross, JP Nagar, Bangalore",12.9113897,77.584992
"21, 24th Main Road, 6th Phase, JP Nagar, Bangalore",12.9029512,77.5856205
"99/4, Nataraja Layout, 7th Phase, JP Nagar, Bangalore",12.8805427,77.5817257
"72, 2nd Floor, Next to Max & Crossword, 3rd Phase, Inner Ring Road, JP Nagar, Bangalore",12.9506526,77.6392151
"Eden Park7, 8 Doresani Palya, Near Kalyani Magnum, Opposite Oracle, 5th Phase, JP Nagar, Bangalore",12.901773,77.594978
"Amoolya, 1st Floor, 24th Main, 6th Phase, JP Nagar, Bangalore",12.9088826,77.5857567
"47/1, 9th Main,1st Cross, Miniforest, Phase 3, JP Nagar, Bangalore",12.9175422,77.5835926
"The HHI Select Bengaluru Hotel, 686, 15th Cross, Ring Road, 2nd Phase, JP Nagar, Bangalore",12.906555,77.592947
"Quality Inn - Shravanthi, 60, 13th Cross, 2nd Main, 3rd Phase, JP Nagar, Bangalore",12.907355,77.5985151
"986, 1st Block, Vijaya Bank Layout, 4th Stage, BTM, Bangalore",12.8924412,77.6117914
"Kembathahalli Road, Gottigere, Near Bannerghatta Main Road, Bannerghatta Road, Bangalore",12.857767,77.588694
"1, Pai Layout, Hulimavu Gate Main Road, Off Bannerghatta Road, Bangalore.",12.876987,77.595801
"7, Doddakammanahalli Main Road, Central Excise Layout, Phase 2, Bannerghatta Road, Bangalore",12.8678808,77.5978908
"2, Hill Crest, House Of Hiranandani, Akshayanagar, Bannerghatta Road, Bangalore",12.7942642,77.6208358
"1-2, Near Bhaganagar Bus Stop, Shankarnaga Road, Bhaganagar Layout, Gottigere, Bannerghatta Road, Bangalore",12.8607875,77.5848645
"7, Ground Floor, RR Commercial Complex, Akshay Nagar, Bannerghatta Road, Bangalore",12.7942642,77.6208358
"3rd Floor, Food Court, Vega City Mall, Srinivas Industrial Estate, Bannerghatta Road, Bangalore",12.9077144,77.6011375
"227,Sitaram Complex, Bilekahalli,opp to IIM-B, Bannerghatta Road, Bangalore",12.8984604,77.6057848
"128/54/10, Ground Floor, Opposite IIM - B, above A2B Dasarapalya, Bannerghatta Road, Bangalore",12.8956152,77.602547
"Gopalan Innovation Mall, Bannerghatta Road, Bangalore",12.9144032,77.5995815
"4, 1st Cross, Christ School Road, Bhavani Layout, Bannerghatta Road, Bangalore",12.9715987,77.5945627
"Vega City, Dollars Colony, Bannerghatta Road, Bangalore",12.9073473,77.6011195
"172/1, GF K 03, Kiosk Unit, Vega City Mall, Srinivas Industrial Estate, Bilekahalli, Bannerghatta Road, Bangalore",12.9071647,77.6011729
"1st Floor, Royal Meenakshi Mall, Hulimavu, Bannerghatta Road, Bangalore",12.8759917,77.5957899
"225/226, Omkar Nagar, Arkere, Above Arekere Canara Bank, Bannerghatta Road, Bangalore",12.8830416,77.6053926
"81/3/4, 5th Cross, Opposite Royal Meenakshi Mall, Hulimavu, Bannerghatta Road, Bangalore",12.8757,77.595766
"173/218, GF, Opposite Ranka Colony, Bannerghatta Road, Bangalore",12.7942642,77.6208358
"B/1, Beside Airtel Office, Ground Floor, KEB Colony, Bannerghatta Road, Bengaluru",12.9188376,77.6001267
"6, 3rd Floor, Above Bandhan Bank, Gurupanapalya, Bannerghatta Road, Bangalore",12.9186393,77.6030018
"A-3, Ranka Colony Road, Bilakhalli, Bannerghatta Road",12.9032014,77.6054147
"1239, 4th Cross 4th Main, Kodichicnahalli, Bangalore, Bengaluru",12.8953449,77.6150369
"Vega City Mall, Bannerghatta Road, Bangalore",12.9073473,77.6011195
"5th Cross Road, Dollar Layout, 3rd Phase, JP Nagar, Bangalore",12.9066907,77.602318
"57, 15th Cross Road, Outer Ring Road, Phase 6, JP Nagar, Bangalore",12.9070991,77.5996462
"97, Wilson Garden Housing Society, 7th Phase, JP Nagar, Bangalore",12.8805427,77.5817257
"44-45, Terrace Floor, 24th Main Road, 7th phase, JP Nagar, Bangalore",12.8977965,77.5858615
"8, 15th Main, 5th Phase, JP Nagar, Bangalore",12.9033045,77.5917385
"114, Kothanur Main Road, Santrupthi Nagar, 7th Phase, JP Nagar, Bangalore",12.8776138,77.5695999
"Site 15, 15th Cross, 100 Feet Road, 4th Phase, JP Nagar, Bangalore",12.9061348,77.5968302
"204, 4th Cross, KSRTC Layout, 2nd Phase, JP Nagar, Bangalore",12.9127245,77.5958453
"18, K.R Layout, Dollar Colony, 4th Phase, JP Nagar",12.9052573,77.5841502
"Someshwara Bhavan, RBI Layout, 7th Phase, Kothnur Main Road, JP Nagar, Bangalore",12.8838109,77.5829501
"10/3, Shamanna Garden, 22nd Main Rd, Phase 5, JP Nagar, Bangalore",12.9037401,77.5870418
"296, Ground Floor, 5th Phase, 100 ft Outer Ring Road, JP Nagar, Bangalore",12.906361,77.5949899
"46/A, 1st Main, 3rd Phase, JP Nagar, Bangalore",12.9112119,77.599166
"Brigade Millenium Inside Indian Music Experience Museum, JP Nagar, Bangalore, Bengaluru",12.8917987,77.5836861
"81, 7th Main, 5th Cross, Bank of Baroda Colony, 7th Phase, JP Nagar, Bangalore",12.905948,77.6058924
"JP Nagar, Phase 7, Bangalore",12.8890015,77.573385
"724, 3rd Floor, RBI Layout, Rini Pearl, Opposite E.K. Retail, 7th Phase, JP Nagar, Bangalore",12.891598,77.5773359
"305, Anand NR Onyx, 15th Cross, 100 Feet Ring Road, 5th Phase Extension, JP Nagar, Bangalore",12.9493052,77.6247353
"18, 3rd Floor, 2nd Cross, NS Palya, Industrial Layout, BTM, Bangalore",12.9096748,77.6068637
"96, 29th Main, 23rd Cross, 2nd Stage, BTM, Bangalore",12.9058845,77.6041724
"808, 1st Floor, Above Eye World Optical, 7th Cross, 2nd Stage, BTM, Bangalore",12.913989,77.608454
"774, 3rd Floor, 16th Main, 7th Cross, 2nd Stage, BTM, Bangalore",12.9133895,77.6100765
"67, Doresani Palya Main Road, Bilekahalli Dakahale, Bannerghatta Road, Bangalore",12.7942642,77.6208358
"104/1, 21st Main Road, 6th Cross Road, R K Colony, JP Nagar 2nd Phase, Bangalore",12.9120764,77.5878938
"1260 SY 35/4 SJR Tower's, 24th Main Puttanhalli, 7th Phase, JP Nagar Bangalore",12.9156577,77.5994159
"57/1, Near Alliance University, 19th Cross, 7th Main, 2nd Stage, BTM, Bangalore",12.9067733,77.6079505
"1260 SY 35/4 SJR Tower's, 24th Main Puttanhalli, JP Nagar 7th Phase, Bangalore",12.9156577,77.5994159
"1260, SY 35/4, SJR Towers, 24th Main Puttanhalli, 7th Phase, JP Nagar, Bangalore",12.9156577,77.5994159
"1260 SY 35/4 SJR Tower's, JP Nagar 7th Phase, 24th Main Puttanhalli, JP Nagar, Bangalore",12.9003937,77.5858415
"23, 7th Cross, 2nd Main, NS Palya Main Road, 2nd Stage, BTM, Bangalore",12.9134815,77.60319
"948, 16th Main, MICO Layout, 2nd Stage, BTM, Bangalore",12.9140983,77.6102212
"947, 16th Main Road, 2nd Stage, BTM, Bangalore",12.9141354,77.6102136
"1, 100 Feet Ring Road, 1st Phase, 2nd Stage, BTM, Bangalore",12.916662,77.6003258
"5th A Cross, Lakshmi Complex, Manjunatha Colony, Near RV Dental College, 2nd phase, JP Nagar, Bangalore",12.9113897,77.584992
"Shop 9, 1st Floor, SBI Building, New DLF New Town, Opposite Ample Mart, Bannerghatta Road, Bangalore",12.8745668,77.621393
"7/3, 19th Cross, 7th Main Rd, Pushpa Layout, NS Palya, BTM 2nd Stage, BTM, Bangalore",12.9072938,77.60452
"324, 23rd Main, 3rd Cross, 2nd Stage, BTM, Bangalore",12.8876427,77.59295
"Shbari Complex, Arakere Mico Layout, Govinda Reddy Layout, Off B G Road, Bannerghatta Road, Bangalore",12.7942642,77.6208358
"688, 7th Main, 10th Cross Main Road, 2nd Stage, BTM, Bangalore",12.9224895,77.5494578
"43, Arasu Nilaya 1st Floor, Opp To Patel Medical, 7th Main Road, 2nd Stage, BTM, Bangalore",12.9079493,77.6063432
"#35/4, 24th main JP Nagar 7th phase, Puttenahalli, JP Nagar, Bangalore",12.9003937,77.5858415
"19/3C, Avanishringeri Nagar, Nyanappanahalli Village, Bannerghatta Road, Bangalore",12.8795082,77.6121182
"26-27, MICO Layout, 6th Main, 2nd Stage, BTM, Bangalore",12.9127367,77.6058102
"56, 7th Main, Yellappa Layout, 2nd Stage, BTM, Bangalore",12.909637,77.6063443
"Near Fortis Hospital, Opposite IBM, Bannerghatta Road, Bangalore",12.8394962,77.5888702
"806, Near ICICI Bank, 7th Cross, 16th Main, 2nd Stage, BTM, Bangalore",12.9139124,77.6100994
"399, 16th Main, N.S Palya, BTM, Bangalore",12.9073776,77.6108899
"22, Nyanapanahalli Main Road, Opposite Dominos Road, Before New DLF Township Circle, Bannerghatta Road, Bangalore",12.7911904,77.6244768
"G-3,1210,16th Main Road, Opposite IS Colony Park, 2nd Stage, BTM, Bangalore",12.912585,77.60983
"99/2A, Kothnoor Main Road, Opposite RBI Layout Bus Stop, 7th Phase, JP Nagar, Bangalore",12.8816274,77.5836618
"No 43, 7th Main Road, NS Palaya, BTM 2nd Stage, BTM, Bangalore",12.9090325,77.6065694
"23/24, Ground Floor, 2nd Cross, Arekere Main Road, Bannerghatta Road, Bangalore",12.8893247,77.60193
"77/1, 24th Main, 2nd Phase, JP Nagar, Bangalore",12.9170017,77.5857485
"1 B, Krishnamurthy Complex, Kodichikkanahalli Road, Bannerghatta Road, Bangalore",12.7942642,77.6208358
"18th Cross road, 5th Phase, JP Nagar, Bangalore",12.904812,77.5842646
"24, 6th-A Cross, 16th Main, BTM 2nd Stage, BTM, Bangalore",12.8825623,77.6122829
"19th Cross, 7th Main, Near Alliance University, NS Palya, 2nd Stage, BTM, Bangalore",12.9073123,77.6061842
"1225, 26th Main, 9th Block, Jayanagar, Bangalore",12.9174467,77.5931932
"10, Near Jayadeva Signal, Oppoite SBI ATM, 100 Feet Ring Road, 2nd Stage, BTM, Bangalore",12.9243234,77.6480349
"EK Retail Building, Beside Vijaya Bank, Vijaya Bank Layout, Bannerghatta Road, Bangalore",12.8926741,77.6104933
"1260, SY 35/4, SJR Tower's, 7th Phase, 24th Main Puttanhalli, JP Nagar, Bangalore",12.9156577,77.5994159
"1,16th Main Road,19th Cross, EWS Colony, 2nd Stage, BTM, Bangalore",12.9086572,77.6102456
"69/1, Gowreesha Complex, Opposite Ananda Valmart Apartment, Doddakammanahalli, Bannerghatta Road, Bangalore",12.8654329,77.599455
"No.16/30, Ground Floor, NS Palya, Bannerghatta Main Road, BTM layout, Bangalore",12.7942642,77.6208358
"Royal Meenakshi Mall, Hulimavu, Bannerghatta Road, Bangalore",12.8757,77.595766
"25/26,1st Cross, Beside IIMB, Bilekahalli, Bannerghatta Road, Bangalore",12.8903431,77.5908874
"11, 19 Cross, 13th A Main, NS Palya, 2nd Stage, BTM, Bangalore",12.9072944,77.6046093
"Shop 1, 129, 24th Main, 5th Phase, JP Nagar, Bangalore",12.9038753,77.5859068
"311, 15th Cross, 5th Phase, JP Nagar, Bangalore",12.9061386,77.5929986
"Hulimavu Gate, BG Road, Behind ICICI Bank, Near Meenakshi Mall, Bannerghatta Road, Bangalore",12.881594,77.595814
"Big Bazzar Building, JP Nagar, Bangalore",12.9063433,77.5856825
"315/B1, Near Police Station, B.G. Road, Muthurayya Swamy Layout, Hulimavu, Bannerghatta Road, Bengaluru",12.7942642,77.6208358
"1260, SY 35/4, SJR Tower's, 7th Phase, 24th Main, Puttanhalli, JP Nagar, Bangalore",12.9156577,77.5994159
"7/7, 1st Main Road, DC Main Road, Bilekahalli, Bannerghatta Road, Bangalore",12.8894821,77.6125138
"Shop 1, 100 Feet Ring Road, 1st Phase, Stage 2, BTM, Bangalore",12.9165157,77.6106568
"Radha Krishna Towers, Opposite IIM-B Main Gate, Bannerghatta Road, Bangalore",12.8967799,77.5996845
"2/1, Bannerghatta Main Road, Bannerghatta Road, Bangalore",12.7942758,77.6208089
"452, 2nd Main, 8th Cross, Lakshmi Layout, Mico Layout, Arakere, Bannerghatta Road, Bangalore",12.8870013,77.6010738
"161, 161 A, 166, First Floor, Vinayaka Nagar, BG Arkere Road, Near Bannerghatta Road, Bangalore",12.8898182,77.5977329
"14/6, 9th Main Road, Opposite Water Tank, 100 Feet Road, 2nd Stage, BTM, Bangalore",12.9506526,77.6392151
"1548, East End Circle, 9th Block, Jayanagar, Bangalore",12.916845,77.596904
"25/4, Yelchenahalli Metro Station, Kanakapura Road, Bangalore",12.8960529,77.5701606
"Royal Meenakshi Mall, Third Floor, Unit T001B & T007, Opposite Meenakshi Temple, Hulimavu, Bannerghatta Road, Bangalore",12.8757,77.595766
"7, 2nd Floor, Krish Towers, Arekere Signal, Bannerghatta Road, Bangalore",12.9520783,77.6927055
"Near Aikya Apartment, Chikkammanahalli Road, SOS Post, Bannerghatta Road, Bangalore",13.4080269,76.2381353
"935, Sri Arcade, 1st Floor, 16th Main Road, Near Udupi Garden Signal, BTM, Bangalore",12.915502,77.6102351
"915, 24th Main Road, 2nd Phase, Mayura Circle, JP Nagar, Bangalore",12.9102386,77.5858962
"44, 3rd Cross, Marenahalli, 2nd Phase, JP Nagar, Bangalore",12.9135883,77.5871321
"77/2 BDA Road, Opposite RR Layout, BTM 6th Stage, BTM, Bangalore",12.8840555,77.6099431
"1319, 100 Feet Road, 2nd Phase, JP Nagar, Bangalore",12.9063796,77.5920821
"2/20, 100 Feet Ring Road, BTM 1st Stage, BTM, Bangalore",12.9168248,77.6062932
"21, 1st Cross, Lakshmi Layout, Oppsite DEJA Apartment, Mico Layout, Arekere, Bannerghatta Road, Bangalore",12.8852984,77.5897688
"9, Near Jayadeva Signal, Oppoite SBI ATM, 100 Feet Ring Road, 2nd Stage, BTM, Bangalore",12.9243234,77.6480349
"No.808, 7th Cross, BTM 2nd Stage, BTM Layout, BTM, Bangalore",12.913989,77.608454
"144/1, 22, 22nd Cross, 24th Main Road Marenahalli, JP Nagar, Bangalore",12.9135625,77.5857411
"37, Diagonally Opposite Ranga Shankara, 2nd Phase, JP Nagar, Bangalore",12.9115433,77.5871557
"16, 17, 18/2 Sarakki Lake, 24th Main, 6th Phase, JP Nagar, Bangalore",12.9129328,77.5788409
"01, 100 Feet Ring Road, 1st Phase, 2nd Stage, BTM, Bangalore",12.916662,77.6003258
"15, Bannerghatta Main Road, JP Nagar, Bangalore",12.9119808,77.5996881
"3, 24th Main Road, Opposite Bindhya Residency, 5th Phase, JP Nagar, Bangalore",12.9039523,77.5859186
"948, 24th Main Road, 2nd Phase, JP Nagar, Bangalore",12.9153554,77.5858085
"5, 17th Main, 5th Cross, Behind Vijaya Enclave, Kodichickenahalli Road, Vijaya Bank Layout, Billekahalli, Bannerghatta Road, Bangalore",12.9168732,77.6105897
"1, Gottigere Main Road, Bannerghatta Road, Bangalore",12.8601198,77.5871008
"934, 16th Main Road, Kuvempu Nagar, BTM 2nd Stage, BTM, Bengalore",12.915634,77.610257
"F 7, Ranka Villa, Opposite Kalyani Motors, Bilekahalli Main Road, Bannerghatta Road, Bangalore",12.7911904,77.6244768
"634, 13th Cross, Near Delmia Circle, JP Nagar, Bangalore",12.9074466,77.5933093
"43, Ground Floor, R R Commercial Complex, SY 316/1, Begur Hulimavu Road, Begur Hobli, Bannerghatta Road, Bangalore",12.8775014,77.6028699
"749, 7th Cross 14th Main, 2nd Stage, BTM, Bangalore",13.0149025,77.5414079
"471, Kothanur Dinne Main Road, 1st Floor, RBI Layout, 7th Phase, JP Nagar, Bangalore",12.8772022,77.5840224
"19 D Cross, 7th Main, BTM, Bangalore",12.9220963,77.605392
"958/60/A2A, Opposite BGS School, Hulimavu, Bannerghatta Road, Bangalore",12.8777914,77.5993361
"1st Floor, BTM Complex, 9th Main Road, 1st Stage, BTM, Bangalore",12.9168732,77.6041832
"Survey # 81/4A, Cave Temple Road, Opposite Meenakshi Mall, Bannerghatta Road, Bangalore",12.8764941,77.59687
"633/B555, Panduranga Nagar, Near Arekere Gate, Bannerghatta Road, Bangalore",12.8905835,77.5980483
"1260 SY 35/4 SJR Tower's, 24th Main Puttanhalli, 7th Phase, JP Nagar, Bangalore",12.9156577,77.5994159
"25, 9th Cross, 34th Main, ITI Layout, 1st Phase, JP Nagar, Bangalore",12.9110297,77.5792305
"39, 3rd A Cross, 25th Main, BTM Layout, 2nd Stage, Roopa Nagar, Rashtrakavi Kuvempu Nagar, Bangalore",12.9130323,77.6159585
"Arakere Gate, Next to HSBC, Opposite Reliance Mart, Bannerghatta Road, Bangalore",12.8477221,77.6498793
"Vega City Mall, 3rd Floor, Bannerghatta Road, Bangalore",12.9073473,77.6011195
"16th Main, BTM, Bangalore",12.916435,77.609291
"283/1, 3rd Cross, JP Nagar 3rd phase,next to mini Forrest, Bangalore",12.9145779,77.5982435
"2nd Main Road, SR Compound, Arekere Mico Layout, South City, Bannerghatta Road, Bangalore",12.8871786,77.5898807
"479/496/A, 2nd Block, BTM 6th Stage,Arekere, BTM, Bangalore",12.8789104,77.6096639
"3rd Floor, Royal Meenakshi Mall, Bannerghatta Road, Bangalore",12.8759917,77.5957899
"240, 7th cross, 1st Main, Mico Layout, Opposite Sate Bank of India, 2nd Stage, BTM Bangalore",12.8873012,77.5917378
"98/3, Near Food World, Gottigere, Bannerghatta Road, Bangalore",12.8548004,77.588536
"Near Decathlon, Meenakshi Layout, Bannerghatta Road, Bangalore",12.7942642,77.6208358
"N Pramil & Amith Complex, Rajiv Gandhi Road, Jaraganahalli, Kanakapura Road, Bangalore",12.8986941,77.576426
"13, Opposite Auchan Hyper Market, Bannerghatta Road, Bangalore",12.8762285,77.5957075
"10, Ground Floor, 24th Main, Ayodhya Nagar, 5th Phase, JP Nagar, Bangalore",12.9019296,77.5858774
"Near AECS Maruthi Dental College, Doddakammanahalli, Bannergatta Road, Bangalore",12.8656713,77.6009185
"25th Main, 2nd Stage, BTM, Bangalore",12.9124832,77.6134704
"10, Near Maruti Sagar Automobiles, Bhavani Layout, Bannerghatta Road, Bangalore",12.8599484,77.6738764
"1, 7th Main Rd, NS Palya, Stage 2, BTM 2nd Stage, Bengaluru, Karnataka",12.9088845,77.6069137
"161 A, First Floor, Vinayaka Nagar, Bannerghatta Road, Bangalore",12.7942642,77.6208358
"176, 1st Floor, Above Vodafone Store, Opposite Brand Factory, Bannerghatta Road, Bangalore",12.7942667,77.6208442
"Shop E 1 / 146, G P Rajarantham Road, BTS Layout, Arekere Near Goverenment Hospital, Bannerghatta Road, Bangalore",12.8875398,77.6057211
"688, Opposite IWWA Party Hall, 7th Main, BTM, Bangalore",12.9170104,77.5792893
"1058, Sobha Arcade, Bilekahalli, Vijaya Bank Layout, Bannerghatta Road, Bangalore",12.7942642,77.6208358
"Opposite IIMB, Krishnaraju Layout, Sundar Ram Shetty Nagar, Bilekahalli Bannerghatta Road, Bangalore",12.8986309,77.6004065
"Shop 161,161A,166, First Floor, Vinayaka Nagar, Bannerghatta Road, Bangalore",12.7942642,77.6208358
"44/1, Opposite Brigade Millennium, Kothanur Dene Main Road, JP Nagar, Bangalore",12.892027,77.5815566
"175-176, Dollars Colony, Phase 4, JP Nagar, Bangalore",12.9043079,77.5984654
"16th Main, 2nd Stage, BTM, Bangalore",12.9133888,77.610027
"3, Third Floor, Vega City Mall, Bannerghatta Road, Bangalore",12.9073473,77.6011195
"24, Shop 2, Ground Floor, 3rd B Cross Road, 18th Main Road, Roopa Nagar, 2nd stage BTM, Bangalore",12.9766481,77.5124949
"123, 24th Main, Opposite Royal High School, 5th Phase, JP Nagar, Bangalore",12.9006027,77.5857646
"22, B.H.B.C.S Layout, Opposite Infosys, 2nd Stage, BTM, Bangalore",12.9159648,77.6013407
"725,16th Main, 2nd Stage, BTM, Bangalore",12.9167087,77.6100438
"17/1, SNVR Complex, Opposite Royal School, 24th Main, 18th Cross, JP Nagar, Bangalore",12.9006159,77.5859444
"36, 29th Main Road, Mahadeshwara Nagar, Stage 2, BTM, Bangalore",12.9056208,77.6092345
"15, 24th Main Road, 1st Phase, JP Nagar, Bangalore",12.913551,77.5855724
"777, 16th Main Road, 2nd Stage, BTM, Bangalore",12.9144525,77.6098615
"123, 5th Cross Road, Arakere Gate, Araka Mico Layout, Arekere, Bannerghatta Road, Bangalore",12.8908266,77.5963006
"16, 7th Phase, RBI Layout, Puttenahalli, JP Nagar, Bangalore",12.8938256,77.5812849
"67, Phase 3, Sarakhi Industrial Layout, JP Nagar, Bangalore",12.9122238,77.5923219
"54, 5th Cross, Thayappa Garden, Devarachikkanahalli Main Road, Bilekahalli, Bannerghatta Road, Bangalore",12.8996349,77.6048045
"NS Palya, Stage 2, BTM Layout, Bangalore",12.9096748,77.6068637
"7, DSR Galleria, Opp Kalyani Motors, Bilekahalli Gate, Bannerghatta Road, Bangalore",12.9020604,77.600786
"Shop 1260, SY 35/4, SJR Tower's, 7th Phase, 24th Main, Puttanhalli, JP Nagar, Bangalore",12.9156577,77.5994159
"3, Arakere Gate, Bannerghatta Road, Bangalore",12.889667,77.60096
"1, 7th Main Road, NS Palya, Stage 2, BTM, Bangalore",12.9088845,77.6069137
"67, Vaishnavi Residency, Next to Yelchanahalli Metro Station, Kanakapura Road, Bangalore",12.8967781,77.5703975
"21, Ground Floor, B.H.C.S.L Layout, Stage 2, Bannerghatta Road, Bangalore",12.8394962,77.5888702
"11, Opposite Sobha Tulip Apartments, 5th Phase, JP Nagar, Bangalore",12.8984206,77.5855194
"1035, 5th Cross, 13th Main, Vijaya Bank Layout, Bannerghatta Road, Bangalore",12.8935311,77.6108923
"1, Nayak Layout Gate, B.K. Circle, 8th Phase, JP Nagar, Bangalore",12.870676,77.583179
"42, Opposite RV Dental College, 7th Cross, JP Nagar, Bangalore",12.9113897,77.584992
"3rd Floor, 5, 3 Road Cross, DLF Main Road, Bannerghatta Road, Bangalore",12.9575805,77.5546886
"766/A, 16th Main Road, BTM 2nd Stage, Bangalore",12.912911,77.609857
"54, 5th Cross, Bilekahalli, Bannerghatta Road, Bangalore",12.897677,77.6001108
"Shop 3, Building 58, A Main Road, Marenahalli, 2nd Phase, JP Nagar, Bangalore",12.8822668,77.6033444
"175-176, Bannerghatta Main Road, Dollars Colony, Behind Vodafone Store, Phase 4, JP Nagar, Bangalore",12.9040375,77.6012124
"172/1, 2nd Floor, Vega City Mall, Srinivas Industrial Estate, Bannerghatta Road, Bangalore",12.9071647,77.6011729
"42,24th Main Road, 5th Phase, JP Nagar",12.9010496,77.5858524
"13, 7th Cross, 2nd Phase, JP Nagar, Bangalore",12.911936,77.589769
"6 Ground Floor, RR Commercial Complex, AkshayNagar, DLF New Town, Bannerghatta Road, Bangalore",12.7942642,77.6208358
"4, MICO Layout, 2nd Stage, Arekere, Bannerghatta Road, Bangalore",12.8906628,77.595473
"96, 100 Feet Ring Road, Vysya Bank Colony, 1st Stage, BTM, Bangalore",12.9168548,77.60355
"9/10/9/1, Hulimavu Begur Road, 80 Ft Road, Near DLF Township, Bannerghatta Road, Bangalore",12.8775333,77.6029728
"24, Shop 1, Ground Floor, 3rd Cross, 18th Main Road, 2nd Stage, BTM, Bangalore",12.9021409,77.5576986
"1, 100 Feet Ring Road, Phase 1, Stage 2, BTM, Bangalore",12.9165157,77.6106568
"24, 3rd 'B' Cross, 7th Cross, 18th Main, 2nd Stage, BTM, Bangalore",13.0028149,77.5569265
"9/10/9/1, Hulimavu Begur Road, 80Ft Road, Near DLF Township, Yelenhalli, Bannerghatta Road, Bangalore",12.8774935,77.6029687
"Near Brand Factory, Bannerghatta Road, Bangalore",12.7942667,77.6208442
"Shop 1, 1st Floor, BTM Complex, 9th Main Road, Layout 1st Stage, BTM, Bangalore",12.9188777,77.6041198
"Doddakamanahalli Main Road, Kalena Agrahara, Bannerghatta Road, Bangalore",12.869367,77.5971733
"#12, 12th Cross BDG Residency, Puttenahalli",12.8951114,77.5819911
"Shop 11& 12, First Floor, 3618/1, Dodda Kammanahalli, Main Road, Besides Campus Student Communities Building, Bangalore",12.8593736,77.6001432
"Kitchens@, No. 19, 35/4, 24th Main, JP Nagar 7th Phase, Puttenahalli, Bangalore",12.8934943,77.5862456
"Ground Floor 9/1, Basavalingappa Nagar, Billekalli Village, South Taluk, Bannerghatta Road, Bangalore",12.897677,77.6001108
"6185/ 15/1, SOS, Doddakamanahalli, Bannerghatta Road, Bangalore",12.7942642,77.6208358
"950, 16th Main Road, 2nd Stage, BTM, Bangalore",12.9136811,77.6101791
"Royal Meenakshi Mall, Third Floor, Hulimavu, Bannerghatta Road, Bangalore",12.8757,77.595766
"1378, East End Circle, Jayanagar, Bangalore",12.916845,77.596904
"168, 16th Croos, 7th Mainroad NS Palya, BTM, Bangalore",12.9064436,77.5992448
"14, Shanthiniketan Circle, Arakere, Off Bannerghatta Road, Bannerghatta Road, Bangalore",12.8873875,77.5968866
"Ramaiah Garden, Beside Shoba Tulit Apartment, JP Nagar, Bangalore",12.8983621,77.5854979
"31454, Doddakammanahalli Main Road, Central Excise Layout, Phase 2, Tejaswini Nagar, Bengaluru",12.8587874,77.5996057
"32, 16th Main Road, 1st Cross, Mahadeshwara Nagar, BTM 2nd Stage, Bangalore",12.9167974,77.6100556
"33rd Main Road, KR Layout, JP Nagar, Bangalore",12.904169,77.5802962
"2, Puttenahalli Main Road , Government School, 7th Phase, JP Nagar, Bangalore",12.90154,77.5817488
"Opposite Bangalore Central Mall, 9th Block, Jayanagar, Bangalore",12.9165643,77.592382
"127, 16/1, Venkateswappa Layout, Kembathalli, Near Canara Bank ATM, Gottigere Post, Bannerghatta Road, Bangalore",12.8537933,77.5885537
"Upper Ground Floor, 424/376/487 SYNO 63, Royal Meenakshi Mall, Bannerghatta Road, Bangalore",12.8757,77.595766
"62, 24th Main, 7th Cross, 2nd Phase, Opposite to R V Dental College, JP Nagar, Bangalore",12.9170017,77.5857485
"2, Mangammanapalya Main Rd, Hosapalaya, Muneshwara Nagar, BTM, Bangalore",12.8995614,77.6453637
"Shop 984, Btm 2nd Stage, 16th main, 7th cross, BTM, Bangalore",12.9139124,77.6100994
"1/8, Big Baazar, Kothanur Dinne Main Road, 7th Phase, RBI Layout, JP Nagar, Bangalore",12.8770978,77.5839425
"6, 3rd B Cross, 18th Main, Kuvempu Nagar, BTM, Bangalore",12.9136471,77.6125146
"7/43 First floor, 3rd cross, 4th Main, Kaverappa Compound, N S Palaya, 2nd Stage, BTM, Bangalore",13.0028149,77.5569265
"45, 14th Main 7th Phase, Puttehahalli Palya, Opposite Of Samsung Smart Cafe, JP Nagar, Bangalore",12.9345848,77.6281365
"934, 1st Block, 4th Stage, DC Halli, BG Road, BTM, Bangalore",12.8924412,77.6117914
"Dream Mart supermarket, Opposite To Paratha Junction Arekere, Bannerghatta Road, Bangalore",12.8910135,77.5948433
"30, DC Main Road, Opposite Munichinnappa Garden, Bannerghatta Road, Bangalore",12.9010924,77.6032547
"91/1, Gottigere Main Road, Bannerghatta, Opp United Bank Of India , bef Dmart",12.8587791,77.58782
"Bannerghatta Road, Bangalore",12.8394962,77.5888702
"2, Akshay Nagar, Near DLF New Town, Begur Main Road, Bannerghatta Road, Bangalore",12.8754328,77.6168896
"936, 16th Main BTM Layout 2nd Stage Old Ward 65, Bangalore 76",12.9154118,77.6102531
"4, Arama Suites, Sarvabhouma Nagar, Off Bannerghatta Road, Bannerghatta Road, Bangalore",12.8921548,77.6025181
"7th Main, NS Palya, 2nd Stage, BTM, Bangalore",12.9089661,77.606444
"45, Kasthuri Nivasa, 2nd Floor, 19th Main, 2nd Stage, BTM, Bangalore",12.9991264,77.5401019
"389, Cave Temple Road, Doddamma Layout, Pai Layout, Hulimavu, Bannerghatta Road, Bangalore",12.8761426,77.5960497
"18, 24th Main Road, Aurobindo Marg, Opposite Sobha Tulip Apartment, 5th Phase, JP Nagar, Bangalore",12.9001371,77.5883519
"8, 24th Main, Opposite Royal School, Phase 5, JP Nagar",12.9063433,77.5856825
"1st Floor, 173, Bannerghatta Road, Bilekahalli, Bangalore",12.9022721,77.6035028
"55, 5th Floor, Goenka Chambers, 19th Main Road, Jeewan Griha Colony, Phase 2, JP Nagar, Bangalore",12.9066389,77.589636
"3474, Maruti Dental College Road, Dodakamanhalli, Opposite Valmark Ananda Apartment, Bannerghatta Road, Bangalore",12.8656713,77.6009185
"8, First Floor, Arekere Gate, Opposite Rose Garden Apartment, Bannerghatta Road, Bangalore",12.8893027,77.5985806
"170, 16th Main, 2nd Stage, BTM, Bangalore",12.9053017,77.6113449
"45/46, Ajantha Avenue, 1st Floor, Puttenahalli Main Road, 7th Phase, JP Nagar, Bangalore",12.8980801,77.5826449
"63, Ground Floor, Royal Meenakshi Mall, Hulimavu, Bannerghatta Road, Bangalore",12.8759917,77.5957899
"Yelanahalli Main Road, Akshaya Nagar, Bannerghatta Road, Bangalore",12.8693421,77.6162984
"309, Sai Nandana Presidency, 5th Main, 11th Cross, Near Rajashri Grandhim Hospitals, Vijaya Bank Layout, Bilekahalli, Bannerghatta Road, Bangalore",12.8955872,77.6066012
"24th Main, 2nd Cross, 2nd Phase, JP Nagar, Bangalore",12.9139722,77.5857415
"14, Patel Medicals, 7th Main, 2nd Stage, BTM, Bangalore",12.9022489,77.5975864
"1743, Raghavendra Plaza , 2nd Phase, (Near Diwakars Hospital), JP Nagar, Bangalore",12.9147764,77.5882591
"294, 7th Main, 7th Cross, BTM 2nd Stage, BTM, Bangalore",12.896804,77.6315611
"Teja Complex, 2nd Floor, 30th Main Road, 9th Cross Jayanagar, B.B.M.P South, JP Nagar, Bangalore",12.9105937,77.5817897
"25, 6th main, Mico Layout, BTM layout 2nd Stage, BTM, Bangalore",12.9149249,77.6055564
"18, 24th Main Road, Near Sobha Tulip Apartment, 5th Phase, JP Nagar, Bangalore",12.8989042,77.5851179
"Ground Floor, Gowry's, Next To Vijaya Bank, Arakere Gate, Bannerghatta Road, Bangalore",12.8911248,77.5982603
"Agastya Suites, 116, 8th Main Road, Next to M.K.Ahmed Retail, 4th Phase, JP Nagar, Bangalore",12.9244135,77.5561469
"7, 7th Phase, Near EK Retail, JP Nagar, Bangalore",12.8805427,77.5817257
"15, Ground Floor, MN Complex, Near Brigade Millenium, 7th Phase, JP Nagar, Bangalore",12.8922446,77.5817407
"288, Ground Floor, Opposite HP Petrol Pump, 15th Cross, 18th Main, 5th Phase, JP Nagar, Bangalore",12.906279,77.5759521
"1, Opposite British Biological, Arekere, Bannerghatta Road, Bangalore",12.8868427,77.5994606
"20, Gottigere - Kengeri Road, Royal Lake Front Phase1, JP Nagar, Bangalore",12.865774,77.5799641
"11/2, Arakera Main Road, Arakera Gate, Bannerghatta Road, Bangalore",12.8903075,77.5989434
"28 1st Main 2nd Cross Sarakki Garden, JP Nagar 6th Phase, JP Nagar, Bangalore",12.9084819,77.5722483
"941/1, Shop 4, Hulimavu Main Road, Bannerghatta Road, Bangalore",12.880931,77.5992398
"2nd Cross, Kothnoor Village Main Road, Natraja Layout, 7th Phase, JP Nagar, Bangalore",12.8813317,77.564741
"Hongasandra, 1st Main Road, Bommanahalli, Bangalore",12.8977621,77.6302286
"500, 2nd Floor, 2nd Block, 6th Stage, Near Sai Baba Temple, Arekere, Bannerghatta Road, Bangalore",12.8360683,77.64597
"1059/1, 16th Main, 16th Cross, Mico layout, 2nd Stage, BTM, Bangalore",12.9130947,77.6100463
"#8, 1st main, 1st Cross, Opp Jaraganahalli Park, 6th Cross, Second Floor, Second house, Chikkaswamy Layout",12.8986941,77.576426
"15/1, Opposite Shopper's Stop, Bannerghatta Road, Bangalore",12.9122244,77.6005178
"Shop 4, 7th Main Road, 2nd Tage, BTM Layout, BTM, Bangalore",12.9087658,77.6062417
"52, 1st Floor, 3rd Cross, Near BIB, Omkar Nagar, Arkere Gate, JP Nagar, Bangalore",12.8896025,77.6011683
"524, 60 Feet Road,Vijaya Bank Layout, Opposite Police Station, Belekahalli, Bannerghatta Road, Bangalore",12.7942642,77.6208358
"1/52-10, Bharath Petroleum Premises, Opposite Subramanya Arcade, Bannerghatta Road, Bangalore",12.8839628,77.5961777
"123(2), 24th Main, 5th Phase, Opposite To Royal High School, JP Nagar, Bangalore",12.8977354,77.5878437
"1, Amruthnagar Main Road Konankunte, Kanakpura Road, Bengaluru",12.8836126,77.5741324
"13/11, 1A, BVN Building, Arekere Main Road, Bannerghatta Road, Bangalore",12.8905412,77.5981954
"53/A, Hulimavu, Bannerghatta Main Road, Bannerghatta Road, Bangalore",12.8506549,77.5882562
"1, Gopal Reddy Layout, 18th Cross, 21st Main, 5th Phase, JP Nagar, Bangalore",12.9006241,77.5910706
"1065/A, 5th Cross, 13th Main, 2nd Floor, Vijaya Bank Layout, Bannerghatta Road, Bangalore",12.8933533,77.6108279
"544, 6th Main, 11th Cross, BTM layout, 2nd stage, BTM, Bangalore",12.9126818,77.6058204
"116/1, Devarchikkanahalli Road, Bilekahalli, Bannerghatta Road, Bangalore",12.895209,77.608585
"A11, Opposite Ranka Apartments, Bilekahalli, Bannerghatta Road, Bangalore",12.9029952,77.6025734
"3/1, VAV Avenue, Eshwara Layout, RBI Layout Main Road, JP Nagar 7th Phase, JP Nagar, Bangalore",12.891436,77.575619
"172/1, 3rd Floor, Food Court, Vega City Mall, Srinivas Industrial Estate, Bannerghatta Road, Bangalore",12.9077144,77.6011375
"Ground Floor, 21, Krishnama Raju Layout, Near Oracle Dorasani Palya, JP Nagar, Bangalore",12.8988155,77.5970433
"Hose 17, 19 cross, 7th main 2nd Stage, BTM, Bangalore",12.9072947,77.6046139
"1304, 1st Floor, 9th Cross, 20th Main, 2nd Phase, JP Nagar, Bangalore",12.9105113,77.5881649
"Sir M Visveswaraya Road, Kutappa Garden, Mulki Sundar Ram Shetty Nagar, Bilekahalli, Bannerghatta Road, Bangalore",12.8926791,77.6103528
"30, First Floor, 2nd Main, Santrupthi Nagar, Opposite Axis Bank, Kothanur Dinne Main Road, 7th Phase, Bangalore, JP Nagar, Bangalore",12.8770978,77.5839425
"4th Floor, Bangalore Central Mall, 9th Block, JP Nagar, Bangalore",12.9165643,77.592382
"1, 100 Feet Ring Road, Phase 1, BTM Stage 2, BTM, Bangalore",12.9165157,77.6106568
"MICO Layout, Arakere, Opposite Vijaya Bank, Bannerghatta Road, Bangalore",12.8874717,77.5924385
"633, 100 Feet Ring Road, Dollar Layout, 3rd Phase, JP Nagar, Bangalore",12.9064832,77.5959242
"449, 9th Cross, 2nd Phase, JP Nagar, Bangalore",12.910117,77.590498
"25/1, Near Sampoorna, 24th Main, 5th Phase, JP Nagar, Bangalore",12.9005802,77.585766
"52, 1st Floor, 3rd Cross, Omkar Nagar Arkere Gate, Near Reliance Store, Bannerghatta Road, Bangalore",12.8895873,77.5978263
"1st Cross, Bilekahalli, Near IIMB College, Bannerghatta Road, Bangalore",12.7942642,77.6208358
"Gopalan Innovation Mall, 22, Sarakki Industrial Layout, Bannerghatta Main Road, 3rd Phase, JP Nagar, 3rd Phase, JP Nagar, Bangalore",12.9144032,77.5995815
"Beside Radiant Shine Apartment, Akshaya Nagar, Yellanahalli, Bannerghatta Road, Bangalore",12.8625889,77.6143366
"173, Bannerghatta Main Road, Stage 2, Bilekahalli, Bannerghatta Road, Bangalore",12.903783,77.6016048
"45, 14th Main, 7th Phase, Puttehahalli Palya, Opposite Of Samsung Smart Cafe, JP Nagar, Bangalore",12.9345848,77.6281365
"5, Ground Floor, Opposite Royal Meenakshi Mall, Hulimavu, Bannerghatta Road, Bangalore",12.8759917,77.5957899
"21, 1st Floor, Next to Oracle, Kalyani Magnum Technum Park, 7th Phase, JP Nagar, Bangalore",12.8805427,77.5817257
"14, Patel Medicals, 7th Main, BTM 2nd Stage, BTM, Bangalore",12.9079493,77.6063432
"7/31, 7th Cross Road, Stage 2, BTM, Bangalore",12.9136957,77.6080204
"3, Millennium Ave, Jagruthi Colony, 7th Phase, JP Nagar, Bangalore",12.8940986,77.5836863
"Sir M Visveswaraya Road, Nyanappana Halli, Hulimavu",12.8794425,77.6098894
"172/1, Vega City Mall, Floor 3, Food Court, Beside, Srinivas Industrial Estate, Bannerghatta Road, Bangalore",12.9071647,77.6011729
"90, Sai Baba Temple Road, Arekere, Bannerghatta Road, Bangalore",12.9507441,77.7153676
"1-90/18, 100 Feet Ring Road, 9th Main Road, 1st Stage, BTM, Bangalore",12.9170825,77.6055305
"18, Near RV Dental College, 5th 'A' Cross, Marenahalli, 2nd Phase, JP Nagar, Bangalore",12.9113897,77.584992
